연번,동물이름,횟수
1,코코,299
2,보리,258
3,초코,198
4,콩이,165
5,호두,147
6,토리,137
7,사랑이,136
8,쿠키,131
9,해피,128
10,별이,123
11,두부,121
12,까미,118
13,구름,113
14,마루,111
15,몽이,110
16,똘이,104
17,토토,104
18,하루,102
19,사랑,100
20,뭉치,95
21,별,92
22,초롱이,92
23,아리,88
24,콩,88
25,루이,85
26,레오,83
27,꼬미,77
28,봄,76
29,두리,73
30,망고,69
31,둥이,67
32,만두,66
33,구름이,64
34,마리,64
35,송이,64
36,짱아,64
37,미미,62
38,뚱이,61
39,뽀미,58
40,아지,58
41,모모,56
42,봄이,56
43,라떼,55
44,흰둥이,55
45,감자,54
46,루비,54
47,누리,53
48,장군,53
49,아롱이,51
50,공주,49
51,몽,49
52,예삐,49
53,초롱,49
54,크림,49
55,단비,48
56,뽀삐,48
57,쵸코,48
58,땅콩,47
59,또또,47
60,모찌,47
61,밍키,47
62,하늘,46
63,베리,45
64,몽실이,43
65,가을,42
66,몽실,42
67,미니,42
68,럭키,41
69,복돌이,41
70,후추,41
71,다롱이,40
72,체리,40
73,솜이,39
74,우유,39
75,나나,38
76,밤비,38
77,쪼꼬,38
78,똘똘이,37
79,루키,37
80,모카,37
81,짱구,37
82,탄,37
83,꼬맹이,36
84,복실이,36
85,순이,35
86,여름,35
87,조이,34
88,하늘이,34
89,행복,34
90,겨울이,33
91,로이,33
92,메리,33
93,방울이,33
94,애기,33
95,앵두,33
96,이쁜이,32
97,구찌,31
98,리치,31
99,미키,31
100,하나,31
101,달이,30
102,또리,30
103,연두,30
104,제니,30
105,테리,30
106,하니,30
107,제리,29
108,쫑,29
109,호야,29
110,요미,28
111,토르,28
112,겨울,27
113,단추,27
114,밀크,27
115,써니,27
116,밤이,26
117,우리,26
118,율무,26
119,콜라,26
120,폴,26
121,희망,26
122,나리,25
123,다롱,25
124,복순이,25
125,설,25
126,설이,25
127,아롱,25
128,양이,25
129,자몽,25
130,쫑이,25
131,행복이,25
132,달,24
133,덕구,24
134,봉구,24
135,솜,24
136,순돌이,24
137,꼬마,23
138,딸기,23
139,뿌꾸,23
140,지니,23
141,탄이,23
142,삐삐,22
143,슈슈,22
144,시루,22
145,웅이,22
146,치즈,22
147,꾸꾸,21
148,달콩,21
149,담비,21
150,도도,21
151,루루,21
152,바다,21
153,밤,21
154,복순,21
155,뽀뽀,21
156,우디,21
157,우주,21
158,자두,21
159,나무,20
160,또치,20
161,루피,20
162,미르,20
163,미소,20
164,방울,20
165,베베,20
166,봉봉,20
167,유키,20
168,재롱이,20
169,짱이,20
170,포도,20
171,해리,20
172,기쁨,19
173,깜지,19
174,대박,19
175,바니,19
176,복실,19
177,소금,19
178,동이,18
179,라온,18
180,레옹,18
181,레이,18
182,루시,18
183,뽀,18
184,심바,18
185,유자,18
186,은비,18
187,젤리,18
188,태양,18
189,포미,18
190,깜이,17
191,버디,17
192,아토,17
193,장군이,17
194,진주,17
195,캔디,17
196,토비,17
197,포리,17
198,포비,17
199,포포,17
200,희동,17
201,가을이,16
202,곰돌이,16
203,까망이,16
204,꾸미,16
205,대박이,16
206,뚜뚜,16
207,랑이,16
208,로키,16
209,모리,16
210,보미,16
211,수리,16
212,슈가,16
213,앙꼬,16
214,잔디,16
215,코비,16
216,토니,16
217,푸딩,16
218,강이,15
219,난이,15
220,도담,15
221,두유,15
222,릴리,15
223,맥스,15
224,메이,15
225,민트,15
226,볼트,15
227,산,15
228,아톰,15
229,알콩,15
230,엄지,15
231,유리,15
232,차차,15
233,철수,15
234,행운,15
235,동동,14
236,땡이,14
237,미정,14
238,벨라,14
239,산이,14
240,샤샤,14
241,설기,14
242,소망,14
243,순돌,14
244,시로,14
245,쭈쭈,14
246,칸쵸,14
247,키키,14
248,토미,14
249,금동이,13
250,까망,13
251,노아,13
252,누룽지,13
253,달래,13
254,딱지,13
255,로또,13
256,로미,13
257,루나,13
258,머루,13
259,뭉이,13
260,밀키,13
261,바비,13
262,반달,13
263,빵이,13
264,아라,13
265,엘리,13
266,연탄,13
267,쫑아,13
268,쭈,13
269,치치,13
270,코난,13
271,콩순이,13
272,태리,13
273,팡이,13
274,곰이,12
275,깜순이,12
276,다온,12
277,먼지,12
278,몽구,12
279,생강,12
280,슈,12
281,여름이,12
282,열무,12
283,이브,12
284,이슬,12
285,재롱,12
286,제이,12
287,준,12
288,짱,12
289,쭈니,12
290,콩콩이,12
291,테디,12
292,푸푸,12
293,곰,11
294,기쁨이,11
295,깜순,11
296,꼭지,11
297,둘리,11
298,뚱,11
299,로빈,11
300,리오,11
301,막내,11
302,망치,11
303,밤톨이,11
304,비비,11
305,뽀리,11
306,삼순,11
307,소미,11
308,찌루,11
309,쵸파,11
310,칸,11
311,쿠마,11
312,쿤,11
313,폴리,11
314,하리,11
315,하양이,11
316,금동,10
317,까꿍,10
318,깜비,10
319,꽁지,10
320,나비,10
321,다솜,10
322,담이,10
323,대추,10
324,두나,10
325,라라,10
326,룰루,10
327,멍이,10
328,밤톨,10
329,백설기,10
330,버찌,10
331,베르,10
332,보니,10
333,보보,10
334,세리,10
335,솔,10
336,순둥이,10
337,순심이,10
338,아가,10
339,아름이,10
340,쪼코,10
341,찰스,10
342,하양,10
343,금비,9
344,깨비,9
345,꽁이,9
346,꽃님,9
347,누렁이,9
348,다니엘,9
349,동구,9
350,돼지,9
351,뚜비,9
352,레몬,9
353,루니,9
354,미루,9
355,밍밍,9
356,바나개,9
357,바우,9
358,백호,9
359,벤지,9
360,복덩이,9
361,복동이,9
362,블루,9
363,삼식이,9
364,샤넬,9
365,설탕,9
366,소리,9
367,솔이,9
368,슈나,9
369,아루,9
370,지구,9
371,찰리,9
372,천둥,9
373,통통이,9
374,페퍼,9
375,호빵,9
376,환희,9
377,휴지,9
378,고래,8
379,꽃님이,8
380,다다,8
381,다래,8
382,달봉,8
383,달콤,8
384,도리,8
385,도치,8
386,두치,8
387,땅콩이,8
388,랄라,8
389,로로,8
390,로리,8
391,루,8
392,마요,8
393,말리,8
394,미남,8
395,바둑이,8
396,백구,8
397,버터,8
398,베니,8
399,복돌,8
400,봉자,8
401,브라우니,8
402,빵,8
403,뽀송이,8
404,뽀야,8
405,뿌뿌,8
406,삼순이,8
407,수박,8
408,아미,8
409,아치,8
410,앙리,8
411,열매,8
412,오디,8
413,오월,8
414,쮸쮸,8
415,찐빵,8
416,쿠로,8
417,쿠쿠,8
418,크리미,8
419,타코,8
420,탱이,8
421,포니,8
422,하랑,8
423,하쿠,8
424,하트,8
425,햇님,8
426,홍시,8
427,희망이,8
428,고미,7
429,까치,7
430,꿍이,7
431,나라,7
432,나루,7
433,노루,7
434,다올,7
435,도비,7
436,돌돌이,7
437,돌체,7
438,둥둥이,7
439,디올,7
440,땅이,7
441,라임,7
442,래미,7
443,로지,7
444,루카,7
445,리아,7
446,마음이,7
447,막둥이,7
448,만복,7
449,머니,7
450,몰리,7
451,무무,7
452,미호,7
453,믿음,7
454,밍크,7
455,버들,7
456,벤,7
457,복이,7
458,봉순이,7
459,빈,7
460,뽀또,7
461,쁘띠,7
462,살구,7
463,샛별,7
464,세나,7
465,쌤,7
466,썬,7
467,아랑,7
468,아름,7
469,아키,7
470,애니,7
471,야옹이,7
472,영웅,7
473,오복,7
474,옹심이,7
475,원두,7
476,월이,7
477,유월이,7
478,잭,7
479,짱가,7
480,츄츄,7
481,카이,7
482,커피,7
483,콩지,7
484,콩콩,7
485,태풍,7
486,탱고,7
487,파이,7
488,피치,7
489,하비,7
490,행운이,7
491,가비,6
492,가지,6
493,간지,6
494,강,6
495,검둥이,6
496,곰순이,6
497,국수,6
498,그레이,6
499,깐돌이,6
500,깡이,6
501,꼬비,6
502,꼼지,6
503,꽃순이,6
504,꿈,6
505,단풍,6
506,달리,6
507,달봉이,6
508,댕댕이,6
509,도토리,6
510,동동이,6
511,라니,6
512,라이,6
513,로라,6
514,로마,6
515,루미,6
516,링고,6
517,만세,6
518,만수,6
519,메시,6
520,뭉,6
521,뭉크,6
522,민이,6
523,바미,6
524,반디,6
525,반야,6
526,버니,6
527,벼리,6
528,보나,6
529,보노,6
530,보름,6
531,복자,6
532,봉이,6
533,봉지,6
534,비누,6
535,비니,6
536,뽀송,6
537,샤니,6
538,소피,6
539,순자,6
540,시월이,6
541,쎄미,6
542,알콩이,6
543,애플,6
544,야미,6
545,양갱,6
546,에디,6
547,영심이,6
548,오레오,6
549,오복이,6
550,완두,6
551,웅,6
552,은동,6
553,장미,6
554,진돌이,6
555,진순이,6
556,진이,6
557,천둥이,6
558,초이,6
559,츄,6
560,치코,6
561,케리,6
562,코리,6
563,콩알,6
564,탱구,6
565,파티,6
566,페리,6
567,포,6
568,하이,6
569,햇님이,6
570,햇살,6
571,호수,6
572,효리,6
573,희동이,6
574,건이,5
575,고등어,5
576,골드,5
577,구르미,5
578,구리,5
579,구슬,5
580,까꿍이,5
581,까뮈,5
582,까비,5
583,꼬꼬,5
584,꼬리,5
585,꼬맹,5
586,나니,5
587,네모,5
588,노을,5
589,누누,5
590,니코,5
591,다미,5
592,단지,5
593,담,5
594,덕배,5
595,덩이,5
596,도니,5
597,도로시,5
598,돌쇠,5
599,동백,5
600,디디,5
601,땡구,5
602,뚜리,5
603,라리,5
604,로니,5
605,로즈,5
606,루리,5
607,루팡,5
608,리코,5
609,마로,5
610,마린,5
611,마일로,5
612,말랑이,5
613,멍군,5
614,메밀,5
615,멜로디,5
616,모래,5
617,못난이,5
618,미남이,5
619,바람,5
620,백설,5
621,벨,5
622,별님,5
623,보람,5
624,복길이,5
625,복댕이,5
626,부추,5
627,뽀글이,5
628,사탕,5
629,삼돌이,5
630,새롬,5
631,새콤,5
632,셜록,5
633,솜사탕,5
634,송,5
635,숑숑,5
636,숑이,5
637,순대,5
638,시월,5
639,시키,5
640,쎄리,5
641,아로,5
642,아코,5
643,안나,5
644,알렉스,5
645,알리,5
646,양갱이,5
647,오구,5
648,왕자,5
649,요다,5
650,우니,5
651,유유,5
652,이든,5
653,이리온,5
654,장비,5
655,조단,5
656,주니,5
657,주주,5
658,줄리,5
659,쥴리,5
660,짜파,5
661,찡찡이,5
662,청이,5
663,카카,5
664,코니,5
665,콩순,5
666,콩쥐,5
667,크림이,5
668,키위,5
669,타로,5
670,태평,5
671,태희,5
672,탱크,5
673,토끼,5
674,토마,5
675,투투,5
676,티모,5
677,페페,5
678,퐁이,5
679,퐁퐁,5
680,퐁퐁이,5
681,피터,5
682,핑키,5
683,하치,5
684,현,5
685,호동,5
686,호떡,5
687,히로,5
688,가루,4
689,간장,4
690,강산,4
691,계피,4
692,고기,4
693,곰곰이,4
694,곰돌,4
695,구피,4
696,금강이,4
697,금순이,4
698,김초롱,4
699,까루,4
700,깜돌이,4
701,꽁치,4
702,꽃분,4
703,냥이,4
704,네로,4
705,노노,4
706,노랑이,4
707,다루,4
708,다복,4
709,다비,4
710,단,4
711,달구,4
712,달님이,4
713,달자,4
714,달콩이,4
715,당근,4
716,도담이,4
717,도라,4
718,동글이,4
719,또비,4
720,또순,4
721,또순이,4
722,또자,4
723,똘똘,4
724,똘망,4
725,라봉,4
726,라이언,4
727,라즈,4
728,러비,4
729,레미,4
730,레아,4
731,로티,4
732,루찌,4
733,리나,4
734,리베,4
735,마니,4
736,말랑,4
737,맑음,4
738,멍구,4
739,메롱이,4
740,모로,4
741,몰랑,4
742,몽글,4
743,몽글이,4
744,몽몽,4
745,미래,4
746,미로,4
747,민,4
748,민희,4
749,밀루,4
750,밍구,4
751,바나,4
752,바로,4
753,바바,4
754,반지,4
755,발리,4
756,밥풀,4
757,방구,4
758,배추,4
759,버리,4
760,번개,4
761,베이지,4
762,별님이,4
763,보들,4
764,보라,4
765,보름이,4
766,보비,4
767,보스,4
768,복,4
769,복남,4
770,복둥이,4
771,복희,4
772,봉달이,4
773,봉봉이,4
774,부,4
775,블리,4
776,빌리,4
777,빙고,4
778,빼로,4
779,뽀돌이,4
780,뽀동이,4
781,뽀롱,4
782,뽀롱이,4
783,뽀순이,4
784,뽕이,4
785,뿌,4
786,뿡,4
787,뿡이,4
788,사월,4
789,산들,4
790,상추,4
791,새우,4
792,샌디,4
793,샘,4
794,샬롬,4
795,센,4
796,셀리,4
797,션,4
798,소금이,4
799,솜뭉치,4
800,수수,4
801,수아,4
802,순둥,4
803,슬기,4
804,식빵,4
805,신디,4
806,싸리,4
807,썬더,4
808,아담,4
809,아띠,4
810,아메,4
811,아이,4
812,알로,4
813,야니,4
814,양파,4
815,어리,4
816,엘사,4
817,연아,4
818,연이,4
819,영심,4
820,오리,4
821,오월이,4
822,온유,4
823,올리,4
824,와와,4
825,용용,4
826,우동,4
827,윌리,4
828,유니,4
829,이유,4
830,재키,4
831,잭슨,4
832,정이,4
833,제로,4
834,제제,4
835,준이,4
836,쥬디,4
837,쥬리,4
838,진저,4
839,짜리,4
840,짜장,4
841,쪼리,4
842,춘봉,4
843,춘자,4
844,카레,4
845,케이,4
846,코이,4
847,콘,4
848,콜리,4
849,큐리,4
850,큐티,4
851,크리스,4
852,키티,4
853,킹콩,4
854,타니,4
855,탁구,4
856,태백,4
857,태양이,4
858,톨이,4
859,티티,4
860,파랑,4
861,페로,4
862,포동이,4
863,푸,4
864,하몽,4
865,하찌,4
866,하품,4
867,허니,4
868,혜리,4
869,호이,4
870,홍,4
871,홍이,4
872,Kiki,3
873,가온,3
874,골디,3
875,곰순,3
876,구구,3
877,구월,3
878,국이,3
879,군,3
880,군밤,3
881,굴비,3
882,궁뎅이,3
883,귀남,3
884,귀요미,3
885,금,3
886,금복,3
887,금순,3
888,김다롱,3
889,김들,3
890,김아롱,3
891,까까,3
892,까만콩,3
893,까몽,3
894,깐돌,3
895,깐쵸,3
896,깜돌,3
897,깜동이,3
898,깜미,3
899,깜별,3
900,깜식,3
901,깜자,3
902,깜찍이,3
903,깽이,3
904,꼬똥,3
905,꼬망,3
906,꼬모,3
907,꼬물,3
908,꼬요,3
909,꼼,3
910,꼼이,3
911,꽁꽁이,3
912,꾸리,3
913,꾸이,3
914,꾸찌,3
915,꿀떡,3
916,나노,3
917,나르,3
918,나미,3
919,나초,3
920,나폴레옹,3
921,날라,3
922,너구리,3
923,네오,3
924,노라,3
925,노리,3
926,누비,3
927,다복이,3
928,단이,3
929,달님,3
930,달콤이,3
931,대구,3
932,대길이,3
933,덕수,3
934,덕이,3
935,덕화,3
936,데니,3
937,데이,3
938,도끼,3
939,도나,3
940,도래,3
941,돌이,3
942,동해,3
943,동희,3
944,된장,3
945,두식,3
946,둘이,3
947,둥,3
948,디오,3
949,땡순이,3
950,땡자,3
951,땡칠이,3
952,또미,3
953,또이,3
954,똑똑이,3
955,똘,3
956,뚜이,3
957,라미,3
958,라운,3
959,러브,3
960,레나,3
961,로랑,3
962,로미오,3
963,로제,3
964,롤로,3
965,루아,3
966,리리,3
967,리카,3
968,링컨,3
969,마야,3
970,마추,3
971,마크,3
972,마티,3
973,마포,3
974,만복이,3
975,매튜,3
976,맥주,3
977,머랭,3
978,멍자,3
979,메주,3
980,모아,3
981,목화,3
982,몽순,3
983,몽쉘,3
984,뭉뭉,3
985,뭉뭉이,3
986,미뇽,3
987,미코,3
988,민국,3
989,밍밍이,3
990,바오,3
991,바하,3
992,박하,3
993,밥풀이,3
994,방글이,3
995,방실,3
996,백두,3
997,버블,3
998,베어,3
999,베티,3
1000,벤츠,3
1001,보이,3
1002,복구,3
1003,복동,3
1004,봄봄,3
1005,봉삼,3
1006,봉순,3
1007,봉식,3
1008,붕붕,3
1009,붕붕이,3
1010,블랑,3
1011,블랙,3
1012,비비안,3
1013,비쥬,3
1014,빠삐,3
1015,빠숑,3
1016,뽀동,3
1017,뽀식이,3
1018,뿌리,3
1019,뿡뿡이,3
1020,쁘니,3
1021,삐용,3
1022,사랑이 ,3
1023,사월이,3
1024,삼돌,3
1025,삼백이,3
1026,삼색,3
1027,삼식,3
1028,상수,3
1029,새미,3
1030,샐리,3
1031,서리,3
1032,석탄,3
1033,설리,3
1034,설아,3
1035,성탄,3
1036,셔리,3
1037,소담,3
1038,소망이,3
1039,소이,3
1040,숑,3
1041,수지,3
1042,순동이,3
1043,순두,3
1044,순심,3
1045,술이,3
1046,스노우,3
1047,스카이,3
1048,시아,3
1049,시우,3
1050,식혜,3
1051,심쿵,3
1052,싼타,3
1053,써머,3
1054,쏘니,3
1055,아랑이,3
1056,아령,3
1057,아로미,3
1058,아르,3
1059,앙금,3
1060,앙이,3
1061,앙쥬,3
1062,애봉이,3
1063,앤디,3
1064,앨리,3
1065,얀,3
1066,양말,3
1067,엣지,3
1068,여우,3
1069,여울이,3
1070,연유,3
1071,연지,3
1072,연탄이,3
1073,영광,3
1074,예슬,3
1075,오공,3
1076,오늘,3
1077,오드리,3
1078,오이,3
1079,오즈,3
1080,올리브,3
1081,와우,3
1082,요나,3
1083,용용이,3
1084,용이,3
1085,우노,3
1086,우람,3
1087,유부,3
1088,유비,3
1089,은실,3
1090,이누,3
1091,이랑,3
1092,이복동,3
1093,이뿐이,3
1094,이순이,3
1095,이슬이,3
1096,이오,3
1097,이이,3
1098,인절미,3
1099,일구,3
1100,일순이,3
1101,임자,3
1102,장금이,3
1103,장수,3
1104,제롱이,3
1105,제이콥,3
1106,젤로,3
1107,조던,3
1108,졸귀,3
1109,졸리,3
1110,쥬쥬,3
1111,지미,3
1112,지아,3
1113,지지,3
1114,지코,3
1115,진,3
1116,진구,3
1117,진달래,3
1118,짜장이,3
1119,쫄쫄이,3
1120,쫑쫑이,3
1121,쭈리,3
1122,쭌,3
1123,찌롱,3
1124,참깨,3
1125,챠챠,3
1126,천재,3
1127,청,3
1128,초롬,3
1129,초초,3
1130,초코송이,3
1131,촐랑이,3
1132,총총이,3
1133,축복,3
1134,축복이,3
1135,춘배,3
1136,춘심,3
1137,춘향,3
1138,카니,3
1139,카스,3
1140,케니,3
1141,코기,3
1142,코미,3
1143,코아,3
1144,콩알이,3
1145,쿠니,3
1146,쿠크,3
1147,쿵이,3
1148,퀸,3
1149,킹,3
1150,태산,3
1151,탱,3
1152,토실이,3
1153,톰,3
1154,통키,3
1155,트리,3
1156,팡팡,3
1157,팽이,3
1158,포키,3
1159,푸우,3
1160,퓨리,3
1161,피코,3
1162,하이디,3
1163,하임,3
1164,한지,3
1165,향기,3
1166,향단,3
1167,헨리,3
1168,호,3
1169,호미,3
1170,호순,3
1171,호식,3
1172,홀리,3
1173,홉스,3
1174,후니,3
1175,훈남,3
1176,흑미,3
1177,흰구름,3
1178,Bisous,2
1179,Bobby,2
1180,COCO,2
1181,COCONUT,2
1182,Lucky,2
1183,Mango,2
1184,MeiMei,2
1185,SALANG,2
1186,가람,2
1187,감기,2
1188,감둥이,2
1189,감탄,2
1190,강냉이,2
1191,강돌이,2
1192,강별,2
1193,강복이,2
1194,강산이,2
1195,강호,2
1196,개나리,2
1197,개똘,2
1198,개똥,2
1199,개순이,2
1200,건,2
1201,건강,2
1202,검은별,2
1203,검은콩,2
1204,게리,2
1205,견우,2
1206,겸,2
1207,경태,2
1208,고나,2
1209,고달,2
1210,고리,2
1211,고야,2
1212,곰곰,2
1213,곰탱이,2
1214,곱단이,2
1215,공기,2
1216,공덕이,2
1217,공심이,2
1218,광복,2
1219,군밤이,2
1220,굿뜨,2
1221,권봄,2
1222,귀동이,2
1223,귀비,2
1224,귤,2
1225,그림,2
1226,금성,2
1227,기요미,2
1228,길남,2
1229,김공복,2
1230,김구름,2
1231,김군,2
1232,김기동,2
1233,김달콩,2
1234,김마리,2
1235,김마초,2
1236,김별,2
1237,김복순,2
1238,김복희,2
1239,김사랑,2
1240,김산,2
1241,김설,2
1242,김설희,2
1243,김아지,2
1244,김체리,2
1245,김콩,2
1246,김탱,2
1247,김토리,2
1248,김행복,2
1249,깐순이,2
1250,깜놀,2
1251,깜뜨,2
1252,깜보,2
1253,깜시,2
1254,깜식이,2
1255,깜씨,2
1256,깜희,2
1257,깡,2
1258,깡깡,2
1259,깡지,2
1260,깡희,2
1261,깨봉,2
1262,깻잎,2
1263,꼬기,2
1264,꼬까,2
1265,꼬니,2
1266,꼬봉,2
1267,꼬봉이,2
1268,꽁꽁,2
1269,꽃님이 ,2
1270,꽃분이,2
1271,꽃송이,2
1272,꽃순,2
1273,꾸러기,2
1274,꾹꾹이,2
1275,꿀,2
1276,꿀이,2
1277,꿈이,2
1278,끝순이,2
1279,낑깡,2
1280,나쵸,2
1281,나홍희,2
1282,남순이,2
1283,낭구,2
1284,냥냥,2
1285,네즈,2
1286,노랑,2
1287,노미,2
1288,뇨끼,2
1289,누렁,2
1290,눈,2
1291,늦둥이,2
1292,니모,2
1293,니키,2
1294,다감,2
1295,다나,2
1296,다람,2
1297,다름,2
1298,다모,2
1299,다발,2
1300,다봉,2
1301,다부래,2
1302,다솔,2
1303,다슬이,2
1304,다오,2
1305,다온이,2
1306,다운,2
1307,다정,2
1308,다홍,2
1309,닥,2
1310,단디,2
1311,단테,2
1312,단풍이,2
1313,달곰,2
1314,달순,2
1315,당고,2
1316,대길,2
1317,대발이,2
1318,대복,2
1319,대풍,2
1320,대한,2
1321,대호,2
1322,댕이,2
1323,더미,2
1324,덕선이,2
1325,던,2
1326,덩치,2
1327,데이지,2
1328,뎅이,2
1329,도령,2
1330,도미,2
1331,도순,2
1332,도지,2
1333,도키,2
1334,도토,2
1335,도하,2
1336,돈,2
1337,돈이,2
1338,돌멩이,2
1339,돌피,2
1340,동글,2
1341,동반,2
1342,동순,2
1343,동주,2
1344,두기,2
1345,두끼,2
1346,두둥,2
1347,두들,2
1348,두루,2
1349,두산,2
1350,두온,2
1351,두찌,2
1352,둥둥,2
1353,듀이,2
1354,드림,2
1355,드림이,2
1356,든든,2
1357,들이,2
1358,디아나,2
1359,딩,2
1360,따따,2
1361,따루,2
1362,따봉,2
1363,딸구,2
1364,딸랑이,2
1365,때지,2
1366,땡글이,2
1367,땡큐,2
1368,떡대,2
1369,떼떼,2
1370,또로,2
1371,또롱,2
1372,또몽,2
1373,또야,2
1374,똑순,2
1375,똘망이,2
1376,똘비,2
1377,똘순이,2
1378,똥개,2
1379,똥꼬,2
1380,뚜두,2
1381,뚜루,2
1382,뚱자,2
1383,뚱키,2
1384,띠꿍,2
1385,띵,2
1386,라뗴,2
1387,라뷰,2
1388,라이프,2
1389,라쿤,2
1390,란,2
1391,람보,2
1392,랑랑,2
1393,러쉬,2
1394,럭스,2
1395,럽,2
1396,레고,2
1397,레니,2
1398,로보,2
1399,로시,2
1400,로퍼,2
1401,로하,2
1402,로희,2
1403,록키,2
1404,료코,2
1405,루다,2
1406,루민,2
1407,루샤,2
1408,루이스,2
1409,루치,2
1410,룽지,2
1411,리앙,2
1412,리키,2
1413,리타,2
1414,린,2
1415,린다,2
1416,린스,2
1417,링링,2
1418,마구,2
1419,마늘,2
1420,마레,2
1421,마롱,2
1422,마르,2
1423,마리아,2
1424,마스,2
1425,마음,2
1426,마이클,2
1427,마초,2
1428,마카,2
1429,마카롱,2
1430,마키,2
1431,마틴,2
1432,막둥,2
1433,말순이,2
1434,맘보,2
1435,맥,2
1436,맹구,2
1437,맹이,2
1438,머털,2
1439,머프,2
1440,머핀,2
1441,먹식이,2
1442,먼치,2
1443,멍개,2
1444,멍순,2
1445,멍지,2
1446,메롱,2
1447,멜로,2
1448,멸치,2
1449,명랑,2
1450,명랑이,2
1451,모글,2
1452,모기,2
1453,모네,2
1454,모르,2
1455,모지,2
1456,몽돌,2
1457,몽돌이,2
1458,몽땅,2
1459,몽룡,2
1460,몽키,2
1461,무강,2
1462,무니,2
1463,무스,2
1464,무앙이,2
1465,무지,2
1466,문루딴,2
1467,물꼬기,2
1468,뭉개,2
1469,뭉게,2
1470,뭉구,2
1471,뭉실이,2
1472,미녀,2
1473,미달,2
1474,미달이,2
1475,미도,2
1476,미엘,2
1477,미자,2
1478,미카,2
1479,민구,2
1480,민돌이,2
1481,민별,2
1482,민재,2
1483,민지,2
1484,밀레,2
1485,밀리,2
1486,밍이,2
1487,바닐라,2
1488,바람이,2
1489,박보리,2
1490,박스,2
1491,반,2
1492,반달이,2
1493,반이,2
1494,발망,2
1495,밤돌,2
1496,밤돌이,2
1497,밤콩,2
1498,방방,2
1499,방실이,2
1500,배개,2
1501,배컴,2
1502,백도,2
1503,백만이,2
1504,백억,2
1505,백호보리,2
1506,버드,2
1507,버스터,2
1508,벅,2
1509,범이,2
1510,베비,2
1511,베이,2
1512,베이글,2
1513,베일리,2
1514,베키,2
1515,벼락,2
1516,별비,2
1517,별콩,2
1518,보들이,2
1519,보배,2
1520,보석,2
1521,보아,2
1522,복길,2
1523,복둥,2
1524,복음,2
1525,복코,2
1526,볼리,2
1527,봉,2
1528,봉식이,2
1529,봉투,2
1530,부비,2
1531,부찌,2
1532,북이,2
1533,브로콜리,2
1534,블랑이,2
1535,비기,2
1536,비똥,2
1537,비스킷,2
1538,비아,2
1539,비키,2
1540,비트,2
1541,빌,2
1542,빙봉,2
1543,빙수,2
1544,빛나,2
1545,빠방이,2
1546,빠오즈,2
1547,빵구,2
1548,빵꾸,2
1549,뽀돌,2
1550,뽀띠,2
1551,뽀비,2
1552,뽀솜,2
1553,뽀숑,2
1554,뽀순,2
1555,뽀찌,2
1556,뽁실이,2
1557,뽕,2
1558,뽕구,2
1559,뿌잉,2
1560,삐꾸,2
1561,사과,2
1562,사이다,2
1563,산돌,2
1564,산들바람,2
1565,산타,2
1566,삼,2
1567,삼두,2
1568,삼삼,2
1569,삼색이,2
1570,삼월이,2
1571,새벽,2
1572,새벽이,2
1573,새복,2
1574,새봄,2
1575,새봄이,2
1576,새싹,2
1577,새콤이,2
1578,샘이,2
1579,생강이,2
1580,샤인,2
1581,석봉,2
1582,선달,2
1583,설탕이,2
1584,성불,2
1585,세동,2
1586,세로,2
1587,세미,2
1588,세브리캉,2
1589,소바,2
1590,소복,2
1591,소심이,2
1592,소연,2
1593,소원,2
1594,소주,2
1595,솜솜,2
1596,송송,2
1597,쇠돌,2
1598,쇼콜라,2
1599,숑숑이,2
1600,수피,2
1601,수호,2
1602,순,2
1603,순금,2
1604,순남이,2
1605,순덕,2
1606,순두부,2
1607,순무,2
1608,순순,2
1609,순순이,2
1610,순영,2
1611,숭이,2
1612,슈니,2
1613,슈리,2
1614,슈크림,2
1615,스노우볼,2
1616,스누피,2
1617,승리,2
1618,시돌,2
1619,시몬,2
1620,시코,2
1621,시크,2
1622,신꾸꾸,2
1623,신나라,2
1624,신이,2
1625,실버,2
1626,심마동,2
1627,심청,2
1628,쌀,2
1629,썸퍼,2
1630,쎈,2
1631,쏭,2
1632,씩씩이,2
1633,씽씽,2
1634,아델,2
1635,아둥,2
1636,아들,2
1637,아람,2
1638,아야,2
1639,아인,2
1640,아주,2
1641,아찌,2
1642,아쳐,2
1643,아츄,2
1644,아키 ,2
1645,안주,2
1646,알린,2
1647,알맹이,2
1648,애옹이,2
1649,액션,2
1650,앤,2
1651,야무,2
1652,야코,2
1653,야콘,2
1654,얌꿍이,2
1655,양배추,2
1656,양순,2
1657,양순이,2
1658,양양이,2
1659,양자,2
1660,양평,2
1661,어쭈,2
1662,얼룩,2
1663,업둥이,2
1664,에덴,2
1665,에밀리,2
1666,엔젤,2
1667,엘,2
1668,엘빈,2
1669,엠마,2
1670,여시,2
1671,여울,2
1672,연,2
1673,연남이,2
1674,연돌,2
1675,연어,2
1676,영구,2
1677,예쁜이,2
1678,오거리,2
1679,오공이,2
1680,오뎅,2
1681,오동,2
1682,오레,2
1683,오름,2
1684,오바마,2
1685,오스카,2
1686,오잉,2
1687,오치,2
1688,오향단,2
1689,옥희,2
1690,온달,2
1691,올리버,2
1692,올백이,2
1693,옹이,2
1694,와니,2
1695,와사비,2
1696,완자,2
1697,왈,2
1698,왕눈이,2
1699,왕발,2
1700,왕왕,2
1701,요끼,2
1702,요롱이,2
1703,요요,2
1704,요조,2
1705,요코,2
1706,용감,2
1707,용식,2
1708,우기,2
1709,우탱,2
1710,워니,2
1711,원순이,2
1712,웬디,2
1713,웰시,2
1714,위너,2
1715,위니,2
1716,위드,2
1717,위로,2
1718,윙크,2
1719,윙키,2
1720,유노,2
1721,유미,2
1722,유순,2
1723,유아리,2
1724,유토,2
1725,윤지,2
1726,율이,2
1727,융,2
1728,융이,2
1729,으뜸이,2
1730,은별,2
1731,은별이,2
1732,은자,2
1733,을미,2
1734,의리,2
1735,이뒹구,2
1736,이루,2
1737,이루리,2
1738,이몽,2
1739,이복돌,2
1740,이비,2
1741,이서,2
1742,이수,2
1743,이여름,2
1744,이태리,2
1745,이희동,2
1746,잇짱,2
1747,자몽이,2
1748,잔비,2
1749,장갑,2
1750,장고,2
1751,장금,2
1752,장해방,2
1753,재구,2
1754,재복,2
1755,재재,2
1756,재티,2
1757,쟈니,2
1758,정태풍,2
1759,제나,2
1760,제이크,2
1761,제트,2
1762,제티,2
1763,젝스,2
1764,젠트,2
1765,조로,2
1766,조보리,2
1767,조아,2
1768,조제,2
1769,조조,2
1770,조지아,2
1771,주라온,2
1772,주몽,2
1773,쥬니,2
1774,쥬시,2
1775,쥰,2
1776,지누,2
1777,지민,2
1778,지주,2
1779,지현,2
1780,진도,2
1781,진솔,2
1782,진숙,2
1783,진진,2
1784,징징,2
1785,짜루,2
1786,짜몽,2
1787,짱순,2
1788,짱짱이,2
1789,째째,2
1790,쩨리,2
1791,쫑쫑,2
1792,쭈미,2
1793,쮸,2
1794,쮸니,2
1795,찌리,2
1796,찡,2
1797,찡찡,2
1798,찡코,2
1799,차돌,2
1800,차돌이,2
1801,차우,2
1802,차이,2
1803,찬송이,2
1804,찰떡,2
1805,참이,2
1806,참이슬,2
1807,찹쌀,2
1808,챙이,2
1809,처음이,2
1810,체다,2
1811,첼시,2
1812,초록이,2
1813,초리,2
1814,초박,2
1815,초원,2
1816,최군,2
1817,쵸이,2
1818,쵸키,2
1819,춘삼,2
1820,춘섭,2
1821,춘식,2
1822,춘심이,2
1823,춘장,2
1824,춘향이,2
1825,츄이,2
1826,치히로,2
1827,칠이,2
1828,칭칭,2
1829,카리,2
1830,카오스,2
1831,카키,2
1832,캐쉬,2
1833,캐스퍼,2
1834,캐시,2
1835,캘리,2
1836,커리,2
1837,케빈,2
1838,코나,2
1839,코순이,2
1840,코지,2
1841,코카,2
1842,콩식,2
1843,콩심,2
1844,콩자,2
1845,쿠,2
1846,쿠미,2
1847,쿠바,2
1848,쿠퍼,2
1849,쿤이,2
1850,쿵,2
1851,퀴리,2
1852,큐큐,2
1853,크롱,2
1854,클라라,2
1855,키드,2
1856,키코,2
1857,타리,2
1858,타마,2
1859,타미,2
1860,탁스,2
1861,탐,2
1862,탐이,2
1863,탕이,2
1864,태미,2
1865,태식,2
1866,태토,2
1867,탱자,2
1868,테라,2
1869,테토,2
1870,텐더,2
1871,토로,2
1872,토이,2
1873,토피,2
1874,토후,2
1875,톨,2
1876,통이,2
1877,튼튼,2
1878,티거,2
1879,티나,2
1880,티미,2
1881,티치,2
1882,티코,2
1883,티파니,2
1884,파니,2
1885,파마,2
1886,팡,2
1887,퍼즐,2
1888,펌킨,2
1889,펑키,2
1890,페니,2
1891,페이머스,2
1892,펭,2
1893,평강,2
1894,평화,2
1895,포동,2
1896,포로리,2
1897,포메,2
1898,포이,2
1899,포카,2
1900,퐁,2
1901,퐁키,2
1902,푸롱,2
1903,푸름,2
1904,푸리,2
1905,푸치,2
1906,푸코,2
1907,풍,2
1908,풍돌이,2
1909,풍순이,2
1910,퓨마,2
1911,프로도,2
1912,프린스,2
1913,프림,2
1914,피카,2
1915,피트,2
1916,피피,2
1917,픽추,2
1918,필동,2
1919,필리,2
1920,핑크,2
1921,핑핑이,2
1922,하동,2
1923,하레,2
1924,하로,2
1925,하얀,2
1926,하울,2
1927,하티,2
1928,학수,2
1929,한강,2
1930,한라봉,2
1931,한별,2
1932,한보리,2
1933,한비,2
1934,한순이,2
1935,한아름,2
1936,한여름,2
1937,한울,2
1938,한이,2
1939,해,2
1940,해나,2
1941,해롱,2
1942,해루,2
1943,해미,2
1944,해봄,2
1945,해태,2
1946,햅번,2
1947,행주,2
1948,허꼬맹,2
1949,허브,2
1950,헤이,2
1951,헬시,2
1952,현미,2
1953,호동이,2
1954,호둥,2
1955,호랑이,2
1956,호랭,2
1957,호리,2
1958,호박,2
1959,호보,2
1960,호프,2
1961,홍순,2
1962,홍춘이,2
1963,화니,2
1964,화랑,2
1965,황금옥,2
1966,후쿠,2
1967,훈이,2
1968,흑구,2
1969,흑임자,2
1970,흑자,2
1971,희돌이,2
1972,희리,2
1973,흰돌,2
1974,흰둥,2
1975,히릿,2
1976,히메,2
1977,히트,2
1978,2019,1
1979, 간달프,1
1980, 깜순이,1
1981,(이)조아,1
1982,.,1
1983,14-0140,1
1984,20-00599(햇님이),1
1985,33삼삼,1
1986,ABBI,1
1987,AN JU,1
1988,Annie,1
1989,ATOM,1
1990,B.B,1
1991,BABA,1
1992,baby,1
1993,BabyJ,1
1994,Bada,1
1995,BAILEY,1
1996,BamBoo(뱀부),1
1997,Batman,1
1998,BELLA,1
1999,Benjamin,1
2000,Benji,1
2001,Bertie,1
2002,Billy(빌리),1
2003,biscuit,1
2004,BLING YUMMY MATOKI,1
2005,Bluebell,1
2006,BOMI,1
2007,Bonny,1
2008,BooBoo,1
2009,browine,1
2010,BRUCEY,1
2011,Caihua,1
2012,Cake,1
2013,Cash,1
2014,Chaos,1
2015,CHU,1
2016,Clio,1
2017,cola,1
2018,cookie,1
2019,cream,1
2020,Dai Dai,1
2021,Dala,1
2022,Dan,1
2023,Danny,1
2024,DAZHUANG,1
2025,DDORI,1
2026,DODO,1
2027,Duchess,1
2028,Dustin,1
2029,Egg,1
2030,elliot,1
2031,eunji,1
2032,FUFU,1
2033,G.G,1
2034,Gemma,1
2035,GG(지지),1
2036,GIOIA (조이아),1
2037,Hakyeon,1
2038,HippoLee,1
2039,Homie,1
2040,HORANGI,1
2041,hucia,1
2042,Indiana,1
2043,jack,1
2044,JI JI,1
2045,JIAOJIAO,1
2046,JJ,1
2047,JOJO,1
2048,joon,1
2049,juan juan,1
2050,Judy,1
2051,Kate,1
2052,KIKO,1
2053,king mo,1
2054,kinsey,1
2055,K까미,1
2056,Lady,1
2057,Lee awesome,1
2058,LEO,1
2059,Licht,1
2060,Lily,1
2061,Lina,1
2062,Loki,1
2063,LUCY,1
2064,LUNA,1
2065,Mandoo,1
2066,Marcy,1
2067,MARTHA,1
2068,maverick,1
2069,Max,1
2070,Mei Mei,1
2071,Melted,1
2072,meme,1
2073,MI MI,1
2074,Midnight,1
2075,MIK,1
2076,milky,1
2077,millo,1
2078,Minkiki,1
2079,mochi,1
2080,MOMO,1
2081,MOSHI,1
2082,Navi,1
2083,nn,1
2084,Nuri,1
2085,OK,1
2086,OREO,1
2087,OSKAR,1
2088,PATY,1
2089,Peaches,1
2090,Pedro,1
2091,peppy,1
2092,pink,1
2093,pretzel,1
2094,rambo,1
2095,Reggie,1
2096,Rolly,1
2097,ruby.lou,1
2098,Ryan,1
2099,Salleigh,1
2100,SARANGI,1
2101,seven,1
2102,SHI SHI,1
2103,SIDNEY,1
2104,SIMBA,1
2105,sixteen,1
2106,sol,1
2107,soll,1
2108,son,1
2109,TAN,1
2110,Teddy,1
2111,Teo,1
2112,Terri,1
2113,Tiger,1
2114,Timi,1
2115,Toast,1
2116,tom,1
2117,Viki,1
2118,VITO,1
2119,Vivi,1
2120,Whisky,1
2121,William,1
2122,winky,1
2123,winnie,1
2124,xiao xiao hou,1
2125,YOGI,1
2126,yoo wan,1
2127,YUMI,1
2128,가니,1
2129,가달,1
2130,가디,1
2131,가따,1
2132,가오,1
2133,가울,1
2134,가을이 ,1
2135,가일,1
2136,가츠몽,1
2137,가평,1
2138,가화,1
2139,간담,1
2140,간장이,1
2141,갈둥,1
2142,갈둥이,1
2143,갈리아노,1
2144,갈색이,1
2145,갈치,1
2146,갈탕,1
2147,감고운,1
2148,감귤,1
2149,감귤이,1
2150,감나무,1
2151,감동,1
2152,감자 ,1
2153,갑돌,1
2154,갑돌이,1
2155,갑부,1
2156,갑순,1
2157,갑오,1
2158,강건,1
2159,강구,1
2160,강구름,1
2161,강군,1
2162,강꼬물,1
2163,강남,1
2164,강낭,1
2165,강돌,1
2166,강띵똥 ,1
2167,강모,1
2168,강못멍,1
2169,강몽몽,1
2170,강몽실,1
2171,강밤,1
2172,강보리,1
2173,강수,1
2174,강순,1
2175,강아,1
2176,강아지,1
2177,강아크,1
2178,강쥐,1
2179,강지,1
2180,강쩡이,1
2181,강초롱,1
2182,강추,1
2183,강츄,1
2184,강콩자반,1
2185,강토,1
2186,강풍,1
2187,강한비,1
2188,개달,1
2189,개동이,1
2190,개떡,1
2191,개똥이,1
2192,개리,1
2193,개미,1
2194,개봉자,1
2195,개야꿍,1
2196,개진,1
2197,개짱,1
2198,개털이,1
2199,갱스터,1
2200,갱이,1
2201,갸루 ,1
2202,거니,1
2203,거북이,1
2204,건강이,1
2205,건강이 ,1
2206,건뚱,1
2207,건봉이,1
2208,건빵,1
2209,건수니,1
2210,건후,1
2211,건희,1
2212,검돌이,1
2213,검동,1
2214,검둥,1
2215,검순이,1
2216,검지,1
2217,검콩,1
2218,검프,1
2219,게스,1
2220,겐조,1
2221,겐지,1
2222,겸둥이,1
2223,겸이,1
2224,경단,1
2225,경순이,1
2226,경식,1
2227,경아,1
2228,경자,1
2229,계란말이,1
2230,계란이,1
2231,계숙이,1
2232,고결,1
2233,고구마,1
2234,고구마 ,1
2235,고니,1
2236,고다,1
2237,고도리,1
2238,고돌,1
2239,고동,1
2240,고동이,1
2241,고든,1
2242,고등이,1
2243,고때굴,1
2244,고로,1
2245,고마,1
2246,고먀,1
2247,고뭉실,1
2248,고바름,1
2249,고복길,1
2250,고봉순,1
2251,고비,1
2252,고뽀미,1
2253,고산,1
2254,고선영,1
2255,고소미,1
2256,고수,1
2257,고스티,1
2258,고양이,1
2259,고양이(Kami),1
2260,고요,1
2261,고은소리,1
2262,고일,1
2263,고철수,1
2264,고튼튼,1
2265,곤니,1
2266,곤졸라,1
2267,골듀,1
2268,골든,1
2269,곰도리,1
2270,곰둥,1
2271,곰똘이,1
2272,곰팅,1
2273,공손이,1
2274,공실이,1
2275,공자,1
2276,공지,1
2277,곶감,1
2278,과과,1
2279,곽두팔,1
2280,관심,1
2281,관우,1
2282,관일,1
2283,관칠,1
2284,광땡,1
2285,광복이,1
2286,광연,1
2287,광자,1
2288,광희,1
2289,구,1
2290,구글,1
2291,구금옥,1
2292,구니,1
2293,구똘똘,1
2294,구라,1
2295,구로,1
2296,구름 ,1
2297,구름이 ,1
2298,구마,1
2299,구만,1
2300,구미오,1
2301,구본준,1
2302,구산이,1
2303,구삼,1
2304,구술,1
2305,구스,1
2306,구스 ,1
2307,구스토,1
2308,구원이,1
2309,구월이,1
2310,구조,1
2311,구짱아,1
2312,구하나,1
2313,구한량,1
2314,국,1
2315,국화,1
2316,국희,1
2317,군자,1
2318,굴미,1
2319,궁둥,1
2320,권보리,1
2321,권복실,1
2322,권봄 ,1
2323,권순돌,1
2324,권울,1
2325,권지용,1
2326,권진주,1
2327,권총,1
2328,권쿠쿠,1
2329,귀남이,1
2330,귀동,1
2331,귀리,1
2332,귀순,1
2333,귀염,1
2334,귀염둥이,1
2335,귀염이,1
2336,규린,1
2337,규태,1
2338,귤이,1
2339,그루,1
2340,그릭,1
2341,그린,1
2342,그만,1
2343,근백이,1
2344,근식,1
2345,글로리아,1
2346,글리,1
2347,금가을,1
2348,금돌,1
2349,금돌이,1
2350,금둥이,1
2351,금별이,1
2352,금복이,1
2353,금빛바다,1
2354,금설,1
2355,금솔,1
2356,금수니,1
2357,금이,1
2358,금자,1
2359,금주,1
2360,금지,1
2361,금홍이,1
2362,기념,1
2363,기돌,1
2364,기동이,1
2365,기백,1
2366,기복,1
2367,기봉,1
2368,기원,1
2369,기적,1
2370,기차,1
2371,길동,1
2372,길사랑,1
2373,길산,1
2374,길순,1
2375,김가루,1
2376,김강,1
2377,김고롱,1
2378,김굴식,1
2379,김궁녀,1
2380,김금동,1
2381,김길동,1
2382,김까꿍,1
2383,김까불,1
2384,김꽃분,1
2385,김꽃순,1
2386,김나니,1
2387,김단단,1
2388,김단추,1
2389,김대빵,1
2390,김도토리,1
2391,김도톨,1
2392,김동동,1
2393,김동철,1
2394,김두리,1
2395,김두부,1
2396,김둥이,1
2397,김득춘,1
2398,김또순,1
2399,김똘,1
2400,김똘똘,1
2401,김뚜루,1
2402,김라온,1
2403,김럭스,1
2404,김레오,1
2405,김리치,1
2406,김막내,1
2407,김만두,1
2408,김말이,1
2409,김말희,1
2410,김망고,1
2411,김먼지,1
2412,김멍순,1
2413,김멍순 ,1
2414,김모찌,1
2415,김몽,1
2416,김몽실,1
2417,김뭉치,1
2418,김미니,1
2419,김미로,1
2420,김미미,1
2421,김민,1
2422,김민규,1
2423,김민빙구,1
2424,김밍키,1
2425,김밤,1
2426,김밥,1
2427,김방울,1
2428,김백곰 ,1
2429,김범수,1
2430,김범식,1
2431,김베리,1
2432,김별이,1
2433,김보름,1
2434,김복길,1
2435,김복남,1
2436,김복뚱,1
2437,김복실,1
2438,김봄,1
2439,김봉순,1
2440,김뽀송,1
2441,김삼식,1
2442,김상수,1
2443,김상현,1
2444,김서울,1
2445,김성복,1
2446,김세미,1
2447,김솜,1
2448,김송,1
2449,김순대,1
2450,김순복,1
2451,김슈,1
2452,김식혜,1
2453,김아롱이,1
2454,김아름,1
2455,김아토,1
2456,김애기,1
2457,김야옹,1
2458,김양순,1
2459,김여름,1
2460,김연두,1
2461,김연아,1
2462,김오준,1
2463,김온,1
2464,김요조,1
2465,김웅순,1
2466,김웅이,1
2467,김유정,1
2468,김은,1
2469,김은덕,1
2470,김장,1
2471,김장군,1
2472,김장미,1
2473,김진영,1
2474,김째깍,1
2475,김쪼꼬,1
2476,김찹쌀,1
2477,김철수,1
2478,김초록,1
2479,김춘삼,1
2480,김춘식,1
2481,김치,1
2482,김카이,1
2483,김코코,1
2484,김코코넛,1
2485,김콩순,1
2486,김콩이,1
2487,김쿠키,1
2488,김키키,1
2489,김탄,1
2490,김태리,1
2491,김택지,1
2492,김포,1
2493,김포비,1
2494,김하나,1
2495,김하루,1
2496,김해피,1
2497,김햇살,1
2498,김헬렌,1
2499,김현이,1
2500,김혜랑,1
2501,김혜식,1
2502,김호야,1
2503,김호영,1
2504,김홍철,1
2505,김환,1
2506,김희동,1
2507,김희둥,1
2508,김흰둥,1
2509,까눈,1
2510,까두,1
2511,까만아가,1
2512,까망모카,1
2513,까맹이,1
2514,까뭉,1
2515,까미 ,1
2516,까미유,1
2517,까봉,1
2518,까불,1
2519,까불이,1
2520,까블이,1
2521,까시,1
2522,까칠이,1
2523,까콩,1
2524,까탄,1
2525,깍깍,1
2526,깍꿍,1
2527,깍지,1
2528,깐부,1
2529,깐비,1
2530,깐죽,1
2531,깐지,1
2532,깔루아,1
2533,깜,1
2534,깜구,1
2535,깜군,1
2536,깜놀이,1
2537,깜둥이,1
2538,깜디,1
2539,깜마,1
2540,깜봉,1
2541,깜비 ,1
2542,깜상이,1
2543,깜소,1
2544,깜숑,1
2545,깜실,1
2546,깜실이,1
2547,깜양,1
2548,깜오,1
2549,깜웅이,1
2550,깜장콩,1
2551,깜쵸,1
2552,깝동이,1
2553,깡다,1
2554,깡돌이,1
2555,깡순,1
2556,깡순이,1
2557,깡식,1
2558,깡식이,1
2559,깡츄,1
2560,깡통,1
2561,깡패,1
2562,깨꽁,1
2563,깨롱,1
2564,깨롱이,1
2565,깨몽,1
2566,깨물이,1
2567,깨미,1
2568,깨복이,1
2569,깨빠,1
2570,깨죽,1
2571,껌둥이,1
2572,껌딱지,1
2573,꼬,1
2574,꼬도,1
2575,꼬도기,1
2576,꼬돌이,1
2577,꼬들이,1
2578,꼬망이,1
2579,꼬매,1
2580,꼬맹(KOMAENG),1
2581,꼬몽,1
2582,꼬무,1
2583,꼬물이,1
2584,꼬뭉이,1
2585,꼬밍이,1
2586,꼬불,1
2587,꼬불이,1
2588,꼬빌,1
2589,꼬숑,1
2590,꼬순,1
2591,꼬순이,1
2592,꼬숨,1
2593,꼬치,1
2594,꼴이,1
2595,꼴통,1
2596,꼼꼼이,1
2597,꼼수,1
2598,꼼순이,1
2599,꽁,1
2600,꽁개,1
2601,꽁냥,1
2602,꽁떵,1
2603,꽁멍이,1
2604,꽁보리,1
2605,꽁순,1
2606,꽁순이,1
2607,꽁알이,1
2608,꽃남,1
2609,꽃단비,1
2610,꽃도,1
2611,꽃돌,1
2612,꽃별이,1
2613,꽃뿐이,1
2614,꽃순이 ,1
2615,꽃임,1
2616,꽃지,1
2617,꽥순이,1
2618,꾸,1
2619,꾸까,1
2620,꾸나,1
2621,꾸냥이,1
2622,꾸니,1
2623,꾸랑트,1
2624,꾸로,1
2625,꾸룩,1
2626,꾸마,1
2627,꾸숑,1
2628,꾸식,1
2629,꾸자,1
2630,꾹,1
2631,꾼디,1
2632,꿀단지,1
2633,꿀떡이,1
2634,꿀벌,1
2635,꿀빵이,1
2636,꿀순,1
2637,꿀호두,1
2638,꿈꿈이,1
2639,꿈뛰,1
2640,꿈순이,1
2641,꿈시,1
2642,꿍,1
2643,꿍돌이,1
2644,꿍디,1
2645,꿍순,1
2646,꿍스,1
2647,꿍야,1
2648,뀨,1
2649,뀨니,1
2650,끄곰이,1
2651,끄니,1
2652,끌로,1
2653,끝동,1
2654,끼끼,1
2655,끼리,1
2656,낑,1
2657,나꿍,1
2658,나노 ,1
2659,나누미,1
2660,나대,1
2661,나동,1
2662,나들,1
2663,나디아,1
2664,나또,1
2665,나랑이,1
2666,나래,1
2667,나로,1
2668,나린,1
2669,나무 ,1
2670,나물,1
2671,나베,1
2672,나별이,1
2673,나봉,1
2674,나야,1
2675,나온,1
2676,나우,1
2677,나웅,1
2678,나장군,1
2679,나정,1
2680,나쯔,1
2681,나츠,1
2682,나콩,1
2683,나타샤,1
2684,나하나,1
2685,낙랑,1
2686,난,1
2687,난닝구,1
2688,난다,1
2689,난정,1
2690,날두,1
2691,날라리,1
2692,남산,1
2693,남순,1
2694,남연,1
2695,남이,1
2696,남태리,1
2697,남푸우,1
2698,남현,1
2699,납작이,1
2700,납짝,1
2701,낭랑,1
2702,낭만이,1
2703,낭이,1
2704,내일,1
2705,냄비,1
2706,냣냐,1
2707,냥구,1
2708,냥아,1
2709,너부리,1
2710,넙죽이,1
2711,넛지,1
2712,네둥이,1
2713,네째,1
2714,네찌,1
2715,네코,1
2716,넨네,1
2717,노래도리,1
2718,노랭,1
2719,노마,1
2720,노마리,1
2721,노먼,1
2722,노슈카,1
2723,노엘,1
2724,노육,1
2725,노은,1
2726,노을 ,1
2727,노일,1
2728,노지니,1
2729,노하,1
2730,녹록,1
2731,녹사,1
2732,논개,1
2733,놀놀,1
2734,놀토,1
2735,농담,1
2736,농부,1
2737,누네,1
2738,누락,1
2739,누미,1
2740,누발,1
2741,누아,1
2742,누지,1
2743,눈구름,1
2744,눈누,1
2745,눈덩이,1
2746,눈뭉치,1
2747,눈송이,1
2748,눈이,1
2749,뉴뉴,1
2750,뉴턴,1
2751,느티,1
2752,늘보,1
2753,늘치,1
2754,니꼴라,1
2755,니나,1
2756,니노,1
2757,니뇨,1
2758,니니,1
2759,니또,1
2760,니리크스,1
2761,니아,1
2762,니치,1
2763,닉쿤,1
2764,닝닝,1
2765,다기,1
2766,다동이,1
2767,다롱이 ,1
2768,다리,1
2769,다린,1
2770,다문이,1
2771,다민,1
2772,다범,1
2773,다부래 J,1
2774,다빈,1
2775,다빈이,1
2776,다소,1
2777,다송,1
2778,다슬,1
2779,다운이,1
2780,다울,1
2781,다윈,1
2782,다윗,1
2783,다율,1
2784,다정이,1
2785,다중이,1
2786,다찌,1
2787,다콩,1
2788,다크,1
2789,다호,1
2790,단감,1
2791,단돌이,1
2792,단심,1
2793,단심이,1
2794,단아,1
2795,단오,1
2796,단우,1
2797,단츄,1
2798,단투,1
2799,단팥,1
2800,달 ,1
2801,달건,1
2802,달고,1
2803,달곰이,1
2804,달공,1
2805,달다,1
2806,달달이,1
2807,달록,1
2808,달롱이,1
2809,달리아,1
2810,달몽이,1
2811,달미,1
2812,달방,1
2813,달비,1
2814,달수,1
2815,달순이,1
2816,달에,1
2817,달이 ,1
2818,달짜,1
2819,달하,1
2820,달희,1
2821,닭비,1
2822,담돌,1
2823,담순,1
2824,담주콩,1
2825,당당,1
2826,당첨,1
2827,대꾸,1
2828,대니,1
2829,대롱,1
2830,대마,1
2831,대복이,1
2832,대봉,1
2833,대봉이,1
2834,대부,1
2835,대빵,1
2836,대뽀,1
2837,대순이,1
2838,대승,1
2839,대시,1
2840,대위,1
2841,대장,1
2842,대치,1
2843,대통이,1
2844,댄,1
2845,댕기,1
2846,댕댕,1
2847,댤래,1
2848,더니,1
2849,더체스,1
2850,덕기,1
2851,덕만,1
2852,덕분,1
2853,덕뽀,1
2854,덕삼,1
2855,덕선,1
2856,덕순,1
2857,덕순이,1
2858,덕자,1
2859,덕팔,1
2860,덕희,1
2861,덜덜이,1
2862,덤비,1
2863,덤프,1
2864,덩,1
2865,데인,1
2866,덴,1
2867,델,1
2868,뎀버,1
2869,도구,1
2870,도그,1
2871,도꾸,1
2872,도나스,1
2873,도남,1
2874,도녀,1
2875,도라지,1
2876,도로,1
2877,도롱,1
2878,도모,1
2879,도봉,1
2880,도스,1
2881,도우,1
2882,도이,1
2883,도일,1
2884,도제,1
2885,도켄,1
2886,도톨,1
2887,도톨이,1
2888,도티,1
2889,도프,1
2890,도화,1
2891,도환,1
2892,독도,1
2893,독준,1
2894,돈나,1
2895,돈부,1
2896,돈키,1
2897,돌돌콩,1
2898,돌둥이,1
2899,돌순이,1
2900,돌식이,1
2901,돌핀,1
2902,동,1
2903,동건,1
2904,동매,1
2905,동복,1
2906,동비,1
2907,동석,1
2908,동수,1
2909,동숙,1
2910,동숙이,1
2911,동식,1
2912,동일,1
2913,동지,1
2914,동채,1
2915,동키,1
2916,동탁,1
2917,동팔이,1
2918,동하,1
2919,돼블리,1
2920,두근,1
2921,두껍,1
2922,두꼬,1
2923,두두,1
2924,두둥이,1
2925,두리 ,1
2926,두모,1
2927,두목이,1
2928,두살,1
2929,두심,1
2930,두얼굴,1
2931,두옹,1
2932,두준이,1
2933,두철,1
2934,두치카,1
2935,두콩,1
2936,두한,1
2937,두희,1
2938,둘찌,1
2939,둥(BLANCA),1
2940,둥실,1
2941,둥아,1
2942,뒤뚱이,1
2943,뒷발이로라,1
2944,듀크,1
2945,드디어,1
2946,드레,1
2947,든든이,1
2948,들달,1
2949,등대,1
2950,등심,1
2951,디,1
2952,디젤,1
2953,디토,1
2954,디포,1
2955,딘,1
2956,딘딘,1
2957,딩가,1
2958,딩고,1
2959,딩구,1
2960,딩동,1
2961,딩동댕,1
2962,딩딩,1
2963,딩이,1
2964,딩크,1
2965,따거,1
2966,따귀,1
2967,따꼼,1
2968,따꿍,1
2969,따당이,1
2970,따람,1
2971,따로,1
2972,따롱이,1
2973,따미,1
2974,딱공,1
2975,딴바이,1
2976,딸라,1
2977,땀순,1
2978,땅,1
2979,땅꼬,1
2980,때째,1
2981,땡,1
2982,땡고,1
2983,땡글,1
2984,땡땡이,1
2985,땡초,1
2986,땡칠,1
2987,떠리,1
2988,떡떡,1
2989,떡순,1
2990,떡시루,1
2991,또,1
2992,또깡이,1
2993,또니,1
2994,또도,1
2995,또띠,1
2996,또래,1
2997,또롱이,1
2998,또루,1
2999,또르,1
3000,또리 ,1
3001,또식이,1
3002,또실,1
3003,또아,1
3004,또요,1
3005,또진,1
3006,똘구,1
3007,똘기,1
3008,똘랑이,1
3009,똘리,1
3010,똘멩이,1
3011,똘몽이,1
3012,똘복,1
3013,똘복이,1
3014,똘순,1
3015,똥,1
3016,똥강아지,1
3017,똥꾸,1
3018,똥식,1
3019,똥이,1
3020,똥치,1
3021,뚜기,1
3022,뚜니,1
3023,뚜레,1
3024,뚜룽이,1
3025,뚜리 ,1
3026,뚜바,1
3027,뚜부,1
3028,뚜비아,1
3029,뚜삐,1
3030,뚜유,1
3031,뚜찌,1
3032,뚝딱이,1
3033,뚝심이,1
3034,뚤라,1
3035,뚱땅,1
3036,뚱땡이,1
3037,뚱뚜루,1
3038,뚱뚱이,1
3039,뚱띠,1
3040,뚱바,1
3041,뚱발이,1
3042,뚱보,1
3043,뚱샤오,1
3044,뚱시,1
3045,뚱아,1
3046,뚱이 ,1
3047,뚱치,1
3048,뚱희,1
3049,뜨또,1
3050,뜨랑,1
3051,뜨롱,1
3052,띠또,1
3053,띠띠,1
3054,띠용,1
3055,띨빵이,1
3056,띵동,1
3057,라나,1
3058,라둥,1
3059,라디,1
3060,라루미미,1
3061,라멘(RAMEN),1
3062,라멜,1
3063,라무르,1
3064,라벨,1
3065,라비,1
3066,라솔,1
3067,라시,1
3068,라언,1
3069,라엘,1
3070,라오,1
3071,라오다,1
3072,라원,1
3073,라이시,1
3074,라이아,1
3075,라이카,1
3076,라이코스,1
3077,라이트,1
3078,라이푸,1
3079,라인,1
3080,라쿠키,1
3081,라탄,1
3082,라푸,1
3083,라프,1
3084,라함,1
3085,락키,1
3086,란이,1
3087,란이 ,1
3088,랄프,1
3089,람,1
3090,람이,1
3091,랑,1
3092,랑가,1
3093,랑꼬미,1
3094,랑방,1
3095,랑아,1
3096,랑지,1
3097,랑코,1
3098,랑크,1
3099,래곤,1
3100,래리,1
3101,래오,1
3102,래원,1
3103,래이,1
3104,래피,1
3105,랭이,1
3106,러뷰,1
3107,러블,1
3108,러스,1
3109,러스티,1
3110,러츠,1
3111,럭셔리,1
3112,럼블,1
3113,레논,1
3114,레디,1
3115,레또,1
3116,레밍,1
3117,레브,1
3118,레븐,1
3119,레식이,1
3120,레알,1
3121,레이 ,1
3122,레이니,1
3123,레인,1
3124,레일라,1
3125,레티,1
3126,렉스,1
3127,렌,1
3128,렌츠,1
3129,렝가,1
3130,련이,1
3131,로,1
3132,로건,1
3133,로꼬,1
3134,로네,1
3135,로드,1
3136,로드리게스,1
3137,로렌,1
3138,로마 ,1
3139,로버,1
3140,로벤,1
3141,로사,1
3142,로쉐,1
3143,로와,1
3144,로이킴,1
3145,로일,1
3146,로자,1
3147,로즈마리,1
3148,로지7,1
3149,로찌,1
3150,로켓,1
3151,로쿠,1
3152,록시,1
3153,록희,1
3154,론다,1
3155,론디,1
3156,롤라,1
3157,롤롤,1
3158,롤리,1
3159,롬,1
3160,롯트,1
3161,롱,1
3162,료마,1
3163,루동,1
3164,루디,1
3165,루띠,1
3166,루벤,1
3167,루씨,1
3168,루야,1
3169,루지,1
3170,루카스,1
3171,루크,1
3172,루피(춘자),1
3173,루하,1
3174,룩,1
3175,룩독,1
3176,룬,1
3177,룸바,1
3178,류까뮈,1
3179,류루니,1
3180,류정미,1
3181,류하루,1
3182,류해치,1
3183,류호건,1
3184,르만,1
3185,리,1
3186,리니,1
3187,리듬,1
3188,리미,1
3189,리버,1
3190,리본,1
3191,리브,1
3192,리비,1
3193,리사,1
3194,리샤,1
3195,리앨,1
3196,리얼이,1
3197,리온,1
3198,리지,1
3199,리치바인브라보주니어,1
3200,리폴,1
3201,리퐁,1
3202,리피,1
3203,릭스,1
3204,린디,1
3205,린타,1
3206,링고스타,1
3207,링디,1
3208,링크,1
3209,마끼,1
3210,마농,1
3211,마누,1
3212,마늘이,1
3213,마당쇠,1
3214,마델,1
3215,마돈나,1
3216,마들렌,1
3217,마론,1
3218,마루 ,1
3219,마룬,1
3220,마르쉐,1
3221,마르코,1
3222,마리모,1
3223,마리오,1
3224,마메,1
3225,마사토,1
3226,마샤,1
3227,마샬,1
3228,마실,1
3229,마오,1
3230,마왕이,1
3231,마이쮸,1
3232,마이키,1
3233,마일,1
3234,마일로(milo),1
3235,마주,1
3236,마중,1
3237,마지,1
3238,마징,1
3239,마초 ,1
3240,마치,1
3241,마크롱,1
3242,마티아,1
3243,마틸다,1
3244,막네,1
3245,막댕이,1
3246,막뚱이,1
3247,막스,1
3248,만구,1
3249,만덕이,1
3250,만돌이,1
3251,만둥이,1
3252,만만,1
3253,만석,1
3254,만수르,1
3255,만순,1
3256,만순이,1
3257,만식이,1
3258,만월,1
3259,만장이,1
3260,만점,1
3261,만쥬,1
3262,말뚝이,1
3263,말로,1
3264,말리(Marley),1
3265,말보,1
3266,말복,1
3267,말봉이,1
3268,말숙,1
3269,말숙이,1
3270,말이,1
3271,말자,1
3272,말티,1
3273,말티즈,1
3274,맑음이,1
3275,맘마,1
3276,망,1
3277,망내,1
3278,망복이,1
3279,매,1
3280,매봉,1
3281,매실이,1
3282,맥구,1
3283,맥꾸,1
3284,맥도,1
3285,맥심,1
3286,맥쭈,1
3287,맹,1
3288,맹순이,1
3289,맹호,1
3290,먀먀,1
3291,먀오지(MiaoJi),1
3292,머랭이,1
3293,머터리,1
3294,머털이,1
3295,머피,1
3296,먼로,1
3297,멍군이,1
3298,멍돌,1
3299,멍멍이,1
3300,멍보리,1
3301,멍순이,1
3302,멍심,1
3303,메로,1
3304,메론,1
3305,메메,1
3306,메아리,1
3307,메이린,1
3308,메이보이,1
3309,메추리,1
3310,메텔,1
3311,멜라,1
3312,면면,1
3313,명이,1
3314,명품이,1
3315,명희,1
3316,모,1
3317,모나,1
3318,모노,1
3319,모니,1
3320,모니카,1
3321,모도,1
3322,모두,1
3323,모락,1
3324,모란,1
3325,모랑,1
3326,모레,1
3327,모루,1
3328,모리씨,1
3329,모린,1
3330,모모짱,1
3331,모비,1
3332,모세,1
3333,모악이,1
3334,모얌,1
3335,모우,1
3336,모이,1
3337,모이칸,1
3338,모자,1
3339,모조,1
3340,모짜렐라,1
3341,모짜르트,1
3342,모쯰,1
3343,모차,1
3344,모코,1
3345,모트,1
3346,모하니,1
3347,목성,1
3348,목탄,1
3349,몬드,1
3350,몬순이,1
3351,몬자,1
3352,몰라,1
3353,몰탈,1
3354,몸모,1
3355,못짱이,1
3356,몽기,1
3357,몽난,1
3358,몽두,1
3359,몽룡이,1
3360,몽모,1
3361,몽숑,1
3362,몽식,1
3363,몽심,1
3364,몽자,1
3365,몽쥬,1
3366,몽찌,1
3367,몽치,1
3368,몽희,1
3369,묘묘,1
3370,무꼬,1
3371,무도,1
3372,무동이,1
3373,무디,1
3374,무량,1
3375,무령이,1
3376,무리,1
3377,무만이,1
3378,무명,1
3379,무비,1
3380,무슈,1
3381,무쌍,1
3382,무아,1
3383,무안,1
3384,무앙,1
3385,무이,1
3386,무화,1
3387,무휼,1
3388,묵,1
3389,묵이,1
3390,문꼬,1
3391,문뉴,1
3392,문몽이,1
3393,문별,1
3394,문복실,1
3395,문열,1
3396,문찬,1
3397,문희동,1
3398,물결,1
3399,물만두,1
3400,물방,1
3401,뭉실,1
3402,뭉찌,1
3403,뭉치 ,1
3404,뭉탱,1
3405,뭘봐,1
3406,뮬리,1
3407,므와,1
3408,미고,1
3409,미기,1
3410,미끼,1
3411,미나,1
3412,미노,1
3413,미누,1
3414,미니미,1
3415,미니비숑,1
3416,미돌,1
3417,미드나잇,1
3418,미란,1
3419,미롱,1
3420,미리,1
3421,미모,1
3422,미미 ,1
3423,미셸,1
3424,미소 ,1
3425,미숙이,1
3426,미순,1
3427,미쉘,1
3428,미오,1
3429,미요,1
3430,미우,1
3431,미유,1
3432,미진,1
3433,미짱,1
3434,미쯔 ,1
3435,미찌,1
3436,미찌코,1
3437,미토,1
3438,미희,1
3439,믹스,1
3440,민나,1
3441,민달래,1
3442,민돌,1
3443,민두부,1
3444,민들레,1
3445,민보리,1
3446,민봉,1
3447,민상,1
3448,민선덕,1
3449,민우,1
3450,민트 ,1
3451,민하,1
3452,믿음이,1
3453,밀로,1
3454,밀쿠,1
3455,밀키스,1
3456,밍,1
3457,밍고,1
3458,밍기,1
3459,밍꾸,1
3460,밍돌이,1
3461,밍순,1
3462,밍코,1
3463,바나나,1
3464,바냐,1
3465,바누,1
3466,바니 ,1
3467,바닥이,1
3468,바둥,1
3469,바드,1
3470,바똥이,1
3471,바리,1
3472,바벨,1
3473,바보,1
3474,바순,1
3475,바야,1
3476,바우져,1
3477,바울,1
3478,바위,1
3479,바질,1
3480,바크,1
3481,바키,1
3482,바트,1
3483,바흐,1
3484,박광순,1
3485,박그리그리,1
3486,박다감,1
3487,박두리,1
3488,박두철,1
3489,박따봉,1
3490,박땅콩,1
3491,박땡땡,1
3492,박또미,1
3493,박라희,1
3494,박뭉치,1
3495,박미경,1
3496,박미미,1
3497,박세리,1
3498,박유자 ,1
3499,박자몽,1
3500,박정,1
3501,박조이,1
3502,박주댕,1
3503,박천구,1
3504,박콩,1
3505,박쿠키,1
3506,박효리군,1
3507,반고,1
3508,반귀,1
3509,반달곰,1
3510,반들,1
3511,반모,1
3512,반반,1
3513,반스,1
3514,반짝이,1
3515,반홍,1
3516,발루,1
3517,발망이,1
3518,발목이,1
3519,발발이,1
3520,발코니,1
3521,발키리,1
3522,밤비노,1
3523,밤솔,1
3524,밤순,1
3525,밤순미,1
3526,밤순이,1
3527,밤탱,1
3528,밤탱이,1
3529,밤토리,1
3530,밥,1
3531,밥이,1
3532,밥통,1
3533,방가,1
3534,방구월,1
3535,방글,1
3536,방대박,1
3537,방돌돌,1
3538,방마루,1
3539,방우리,1
3540,방이,1
3541,방춘,1
3542,방탄,1
3543,배깜,1
3544,배냇쬬,1
3545,배똘이,1
3546,배린,1
3547,배스,1
3548,배영희,1
3549,배찌,1
3550,배파랑,1
3551,백감자,1
3552,백건,1
3553,백곰이,1
3554,백관이,1
3555,백군,1
3556,백군이,1
3557,백김치,1
3558,백단,1
3559,백담비,1
3560,백둥이,1
3561,백뚱이,1
3562,백란,1
3563,백만,1
3564,백만불,1
3565,백삼,1
3566,백설이,1
3567,백순,1
3568,백순이,1
3569,백억이,1
3570,백운이,1
3571,백원,1
3572,백이,1
3573,백일,1
3574,백자,1
3575,백지,1
3576,백치,1
3577,백탄,1
3578,백토리,1
3579,백화,1
3580,백희,1
3581,밴,1
3582,밴딧 ,1
3583,뱀돌이,1
3584,뱅,1
3585,뱅순,1
3586,뱌기,1
3587,버기,1
3588,버들이,1
3589,버킨,1
3590,버튼(button),1
3591,버틀러 선장,1
3592,번개탄,1
3593,번잡이,1
3594,벌자,1
3595,범키,1
3596,베나,1
3597,베네,1
3598,베델,1
3599,베드로,1
3600,베들이,1
3601,베라,1
3602,베로,1
3603,베르나르베르베르,1
3604,베리Berry,1
3605,베뷔,1
3606,베스,1
3607,베이비,1
3608,베일,1
3609,베컴,1
3610,베컴이,1
3611,베코,1
3612,베토,1
3613,베토벤,1
3614,벤(Ven),1
3615,벤노 Benno,1
3616,벤더,1
3617,벤야민,1
3618,벤틀리,1
3619,벨리,1
3620,벳씨,1
3621,벼락이,1
3622,벼루,1
3623,변두리,1
3624,별 ,1
3625,별꽁꽁,1
3626,별똥이,1
3627,별루,1
3628,별희,1
3629,병장,1
3630,보,1
3631,보가,1
3632,보그,1
3633,보꾸,1
3634,보너,1
3635,보늬,1
3636,보다,1
3637,보담,1
3638,보둘이,1
3639,보드리,1
3640,보령,1
3641,보루,1
3642,보르도,1
3643,보림,1
3644,보물,1
3645,보솜,1
3646,보솜이,1
3647,보송,1
3648,보순,1
3649,보슬,1
3650,보아스,1
3651,보은이,1
3652,보카,1
3653,보키,1
3654,보통,1
3655,보풀,1
3656,보플이,1
3657,복근자,1
3658,복꾸리,1
3659,복남이,1
3660,복냉이,1
3661,복뎅이,1
3662,복동 ,1
3663,복또리,1
3664,복만이,1
3665,복복이,1
3666,복생이,1
3667,복순이 ,1
3668,복숭,1
3669,복슬이,1
3670,복진,1
3671,복희 ,1
3672,본,1
3673,본드,1
3674,본라파엘쵸리,1
3675,볼,1
3676,봄 ,1
3677,봄달,1
3678,봄바,1
3679,봄봄이,1
3680,봄이 ,1
3681,봇대,1
3682,봉근,1
3683,봉덕,1
3684,봉두,1
3685,봉드,1
3686,봉선이 ,1
3687,봉숙,1
3688,봉실,1
3689,봉주,1
3690,봉주르,1
3691,봉쥬,1
3692,봉팔이,1
3693,봉희,1
3694,부기,1
3695,부꼼이,1
3696,부남,1
3697,부남이,1
3698,부니,1
3699,부들,1
3700,부루,1
3701,부르,1
3702,부엉,1
3703,부엉이,1
3704,부영,1
3705,부우,1
3706,부진이,1
3707,부추핸섬,1
3708,부코,1
3709,부토,1
3710,부티나,1
3711,부한글,1
3712,북두,1
3713,북말이,1
3714,북북,1
3715,북실이,1
3716,분식,1
3717,분식이,1
3718,분실,1
3719,분홍,1
3720,불가리,1
3721,불로,1
3722,붐붐,1
3723,뷰티,1
3724,브라운,1
3725,브라이언,1
3726,브루,1
3727,브리,1
3728,브이,1
3729,블랙데빌,1
3730,블랙이,1
3731,블랙잭,1
3732,블레스,1
3733,블로썸,1
3734,블루스,1
3735,비거,1
3736,비그리,1
3737,비너스,1
3738,비단이,1
3739,비담,1
3740,비딴,1
3741,비룡,1
3742,비밀,1
3743,비바,1
3744,비발디,1
3745,비앙카,1
3746,비앙코,1
3747,비엔,1
3748,비엘,1
3749,비올라,1
3750,비즈,1
3751,비지,1
3752,비카,1
3753,비코,1
3754,비티,1
3755,비호,1
3756,빅,1
3757,빅 파피,1
3758,빅곰,1
3759,빅키,1
3760,빅터,1
3761,빅토리 ,1
3762,빅토리아,1
3763,빌리언,1
3764,빙구,1
3765,빙글이,1
3766,빙티,1
3767,빠꼼,1
3768,빠니,1
3769,빠루,1
3770,빠리,1
3771,빠마,1
3772,빠삐용,1
3773,빠세,1
3774,빠찌,1
3775,빤빤,1
3776,빤짝이,1
3777,빨강,1
3778,빨대,1
3779,빵꾸똥꾸,1
3780,빵디,1
3781,빵떡,1
3782,빵또아,1
3783,빵빵,1
3784,빵뿡,1
3785,빵설,1
3786,빼꼼,1
3787,빼꼼이,1
3788,빽쮸,1
3789,뻐꾹이,1
3790,뻐니,1
3791,뻔돌,1
3792,뽀강,1
3793,뽀글,1
3794,뽀까,1
3795,뽀꾸,1
3796,뽀뇨,1
3797,뽀니,1
3798,뽀뎅,1
3799,뽀랑이,1
3800,뽀로,1
3801,뽀로리,1
3802,뽀름,1
3803,뽀리 ,1
3804,뽀메,1
3805,뽀붕,1
3806,뽀슈,1
3807,뽀슬,1
3808,뽀시,1
3809,뽀양,1
3810,뽀오,1
3811,뽀은이,1
3812,뽀진,1
3813,뽀짝,1
3814,뽀희,1
3815,뽁뽁,1
3816,뽄삐,1
3817,뽈,1
3818,뽈뽈이,1
3819,뽐뽐,1
3820,뽕실,1
3821,뾰롱,1
3822,뾰송,1
3823,뾰식이,1
3824,뿅,1
3825,뿅뿅이,1
3826,뿌까,1
3827,뿌네,1
3828,뿌노,1
3829,뿌니,1
3830,뿌뎅,1
3831,뿌두,1
3832,뿌띠,1
3833,뿌링,1
3834,뿌미,1
3835,뿌삐,1
3836,뿌시,1
3837,뿌야,1
3838,뿌우,1
3839,뿌찌,1
3840,뿌치,1
3841,뿐이,1
3842,뿡꾸,1
3843,뿡빵이,1
3844,뿡뿡,1
3845,쁘미,1
3846,쁘이,1
3847,쁘허,1
3848,쁜이,1
3849,삐꼬,1
3850,삐루,1
3851,삐뽀,1
3852,삐숑이,1
3853,삐야,1
3854,삐약,1
3855,삐약이,1
3856,삐오,1
3857,삐요,1
3858,삑삑이,1
3859,사,1
3860,사강,1
3861,사구,1
3862,사기,1
3863,사란,1
3864,사랑 ,1
3865,사랑 Sarang,1
3866,사랑해,1
3867,사모,1
3868,사미,1
3869,사야,1
3870,사을,1
3871,사자,1
3872,사케,1
3873,사쿠,1
3874,사피,1
3875,산 ,1
3876,산도,1
3877,산둥이,1
3878,산솔,1
3879,산적,1
3880,산체스,1
3881,산초,1
3882,산쵸,1
3883,삼국지,1
3884,삼남이,1
3885,삼동,1
3886,삼동이,1
3887,삼똘,1
3888,삼바,1
3889,삼봉,1
3890,삼월,1
3891,삼이,1
3892,삼탄,1
3893,삼팔이,1
3894,삽살,1
3895,상구,1
3896,상근이,1
3897,상냥,1
3898,상순,1
3899,상순이,1
3900,상큼이,1
3901,새로,1
3902,새론,1
3903,새롬이,1
3904,새사미,1
3905,새얀,1
3906,샘순이,1
3907,샛별이,1
3908,생땅,1
3909,생비,1
3910,생크림,1
3911,샤넬(스코티쉬폴드),1
3912,샤넬이,1
3913,샤론,1
3914,샤루,1
3915,샤베트,1
3916,샤부,1
3917,샤오미,1
3918,샤오핑,1
3919,샤우뿌띠엔,1
3920,샤이,1
3921,샤이니,1
3922,샤이샤,1
3923,샤찌,1
3924,샤토,1
3925,샨,1
3926,샴팡,1
3927,샴푸,1
3928,서,1
3929,서교동,1
3930,서담온,1
3931,서동팔,1
3932,서무남,1
3933,서미,1
3934,서밀리,1
3935,서보들,1
3936,서복실,1
3937,서아리,1
3938,서연,1
3939,서울,1
3940,석,1
3941,석구,1
3942,석굴,1
3943,석호,1
3944,석희,1
3945,선,1
3946,선재,1
3947,선정,1
3948,선혜,1
3949,설(NIEVE),1
3950,설국,1
3951,설레,1
3952,설아 ,1
3953,설악,1
3954,설콩,1
3955,설하,1
3956,섬이,1
3957,섭,1
3958,성돌이,1
3959,성빈,1
3960,성사랑,1
3961,성산,1
3962,성수봉,1
3963,성실,1
3964,성윤,1
3965,성철,1
3966,성하,1
3967,성현,1
3968,성현동tnr구암,1
3969,성현동tnr아고,1
3970,성현동tnr카고,1
3971,성현동tnr커고,1
3972,성희,1
3973,세강,1
3974,세라,1
3975,세리(Sally),1
3976,세상,1
3977,세상이,1
3978,세식이,1
3979,세아,1
3980,세연,1
3981,세이나,1
3982,세이코,1
3983,세인,1
3984,세째,1
3985,세찌,1
3986,세찬,1
3987,세치,1
3988,세콩,1
3989,세티,1
3990,세호,1
3991,세희,1
3992,센디,1
3993,센트,1
3994,셀라,1
3995,셋찌,1
3996,셜리,1
3997,셰리,1
3998,소구월,1
3999,소다,1
4000,소라,1
4001,소랑,1
4002,소롱이,1
4003,소룡,1
4004,소박,1
4005,소보로,1
4006,소소,1
4007,소영,1
4008,소우주,1
4009,소울,1
4010,소율이,1
4011,소인,1
4012,소치,1
4013,소풍,1
4014,소피아,1
4015,소호,1
4016,소희,1
4017,손몽이,1
4018,손오공,1
4019,손진풍,1
4020,솔봉,1
4021,솔비,1
4022,솔져,1
4023,솜돌이,1
4024,솜솜이,1
4025,솜이솜이,1
4026,솜찌,1
4027,송강,1
4028,송강산,1
4029,송로,1
4030,송만두,1
4031,송보리,1
4032,송이 ,1
4033,송쪼꼬,1
4034,송하,1
4035,쇼리,1
4036,쇼메,1
4037,쇼유,1
4038,쇼캉,1
4039,쇼코,1
4040,숍,1
4041,수,1
4042,수강,1
4043,수건,1
4044,수근,1
4045,수끼,1
4046,수남이,1
4047,수다,1
4048,수댕,1
4049,수돌,1
4050,수리수리,1
4051,수미,1
4052,수민,1
4053,수비,1
4054,수석,1
4055,수성,1
4056,수소,1
4057,수염,1
4058,수영,1
4059,수정,1
4060,수지냥이,1
4061,수키,1
4062,숙,1
4063,숙주,1
4064,숙희,1
4065,순금이,1
4066,순니,1
4067,순단,1
4068,순댕이,1
4069,순덕이,1
4070,순동,1
4071,순디,1
4072,순똥,1
4073,순리,1
4074,순복,1
4075,순복이,1
4076,순수,1
4077,순아,1
4078,순애,1
4079,순용,1
4080,순정,1
4081,순종,1
4082,순진,1
4083,순찌,1
4084,순철,1
4085,순칠,1
4086,순희,1
4087,술떡,1
4088,숨결,1
4089,숭문이,1
4090,숭문일,1
4091,숯,1
4092,쉐이디,1
4093,쉔겐,1
4094,쉬리,1
4095,슈나우져,1
4096,슈만,1
4097,슈미,1
4098,슈야,1
4099,슈퍼럭키,1
4100,슈피,1
4101,슈호,1
4102,슐츠,1
4103,스노위,1
4104,스노이,1
4105,스마일리,1
4106,스마트,1
4107,스모키(smokey),1
4108,스무디,1
4109,스벤,1
4110,스즈,1
4111,스카,1
4112,스타,1
4113,스텔라,1
4114,스팅,1
4115,스파르타쿠스,1
4116,스파키,1
4117,스팍,1
4118,스팟,1
4119,스펑키,1
4120,슬비,1
4121,슬이,1
4122,승기,1
4123,승돌,1
4124,승승이,1
4125,승연,1
4126,시금치,1
4127,시나,1
4128,시나몬,1
4129,시덕,1
4130,시도,1
4131,시동,1
4132,시레,1
4133,시마,1
4134,시바,1
4135,시봉이,1
4136,시야,1
4137,시오,1
4138,시온,1
4139,시원,1
4140,시저,1
4141,시지,1
4142,시추,1
4143,시하,1
4144,시호,1
4145,신공팔,1
4146,신군 ,1
4147,신금순,1
4148,신깜부,1
4149,신남,1
4150,신드롬,1
4151,신로이,1
4152,신뭉,1
4153,신민,1
4154,신비,1
4155,신애기,1
4156,신양,1
4157,신우,1
4158,신콩,1
4159,신콩이,1
4160,신푸우,1
4161,신호,1
4162,신호두,1
4163,실바,1
4164,심가람,1
4165,심보리,1
4166,심순이,1
4167,심슨,1
4168,심심이,1
4169,심코,1
4170,심콩,1
4171,심크림,1
4172,십,1
4173,십땡,1
4174,십억,1
4175,십이,1
4176,십일,1
4177,싹뚝,1
4178,싼티,1
4179,쌔미,1
4180,쌤이,1
4181,쌩쌩이,1
4182,써리,1
4183,쏘나,1
4184,쏘련곰,1
4185,쏘리,1
4186,쏘쏘,1
4187,쏘야,1
4188,쏘피,1
4189,쏠라,1
4190,쏠쏠이,1
4191,쏨이,1
4192,쏭이,1
4193,쐬주,1
4194,쑤니,1
4195,쓰롱,1
4196,쓰리,1
4197,씨씨,1
4198,씨에나,1
4199,씨엘,1
4200,씨엘로,1
4201,씨유,1
4202,씨제이,1
4203,씨티,1
4204,씩씩,1
4205,아강,1
4206,아고,1
4207,아군,1
4208,아궁이,1
4209,아기,1
4210,아기봉,1
4211,아꼬,1
4212,아꿍,1
4213,아꿍이,1
4214,아끼,1
4215,아놀드,1
4216,아도,1
4217,아둥이,1
4218,아드보,1
4219,아또,1
4220,아람이,1
4221,아래,1
4222,아로 ,1
4223,아론,1
4224,아롬,1
4225,아리아,1
4226,아리엘,1
4227,아메리,1
4228,아무,1
4229,아무르,1
4230,아밍,1
4231,아보,1
4232,아뵤,1
4233,아서,1
4234,아송,1
4235,아순이,1
4236,아쌈,1
4237,아영이,1
4238,아오,1
4239,아오릭,1
4240,아우디,1
4241,아유,1
4242,아일,1
4243,아준,1
4244,아줄,1
4245,아줌마,1
4246,아즈키,1
4247,아지 ,1
4248,아차,1
4249,아침이,1
4250,아카,1
4251,아쿵,1
4252,아키라,1
4253,아타,1
4254,아투,1
4255,아트,1
4256,아티,1
4257,아틸라,1
4258,아해,1
4259,악동이,1
4260,안꼬,1
4261,안나니,1
4262,안느,1
4263,안단테,1
4264,안두릅,1
4265,안딸기,1
4266,안망고,1
4267,안방글,1
4268,안복돌,1
4269,안봉봉,1
4270,안뿌꾸,1
4271,안솜이,1
4272,안아,1
4273,안정환,1
4274,안차돌,1
4275,안초가을,1
4276,안초롱,1
4277,안초여름,1
4278,안초하루하늘,1
4279,안해탈,1
4280,알,1
4281,알랑,1
4282,알랑이,1
4283,알레,1
4284,알리샤공주,1
4285,알뭉,1
4286,알바,1
4287,알쏭이,1
4288,알토,1
4289,알팡,1
4290,알프레도,1
4291,앙금이,1
4292,앙앙,1
4293,앙탈이,1
4294,애교,1
4295,애기1,1
4296,애기2,1
4297,애길라,1
4298,애노,1
4299,애동,1
4300,애디,1
4301,애루,1
4302,애르,1
4303,애리,1
4304,애몽이,1
4305,애봉,1
4306,애송이,1
4307,애슐리,1
4308,애신,1
4309,애용,1
4310,애월,1
4311,앤이,1
4312,앨리스,1
4313,야꼼,1
4314,야끼,1
4315,야리,1
4316,야망이,1
4317,야붕,1
4318,야붕이,1
4319,야삐,1
4320,야스민,1
4321,야야,1
4322,얄구,1
4323,얄리,1
4324,얌마,1
4325,얌순,1
4326,얌얌,1
4327,양,1
4328,양곰이,1
4329,양군,1
4330,양념,1
4331,양녕,1
4332,양돌,1
4333,양돌이,1
4334,양동이,1
4335,양만두,1
4336,양말이,1
4337,양문,1
4338,양벤지,1
4339,양보리,1
4340,양복실,1
4341,양봉이,1
4342,양새롬,1
4343,양송이,1
4344,양숙이,1
4345,양아름,1
4346,양양,1
4347,양이 ,1
4348,양이1,1
4349,양이2,1
4350,양조위,1
4351,양콩순,1
4352,양키,1
4353,양화,1
4354,양희,1
4355,어기,1
4356,어니,1
4357,어린이대공원까미,1
4358,어린이대공원생태앵두,1
4359,어린이대공원아메,1
4360,어린이대공원요미,1
4361,어린이대공원이쁜이,1
4362,어린이대공원자두,1
4363,어린이대공원코봉이,1
4364,어멈,1
4365,어진,1
4366,어초코,1
4367,어푸,1
4368,억만,1
4369,얼음,1
4370,얼짱,1
4371,엄살,1
4372,엄살이,1
4373,엄이,1
4374,에그,1
4375,에나,1
4376,에렌,1
4377,에롱이,1
4378,에르,1
4379,에리카,1
4380,에밋,1
4381,에바,1
4382,에반,1
4383,에비앙,1
4384,에삐,1
4385,에스더,1
4386,에요,1
4387,에이라,1
4388,에이미,1
4389,에찌,1
4390,에코,1
4391,에피,1
4392,엑스마스,1
4393,엔지,1
4394,엔초,1
4395,엔쵸,1
4396,엘가,1
4397,엘라,1
4398,엘롬,1
4399,엘리사,1
4400,엘리샤,1
4401,엘비스 프레슬리,1
4402,엘클레시코,1
4403,엠이,1
4404,엣지몽,1
4405,엣찌,1
4406,여르미,1
4407,여리,1
4408,여우비,1
4409,여운,1
4410,여주,1
4411,여철이,1
4412,여칠푸푸,1
4413,연남,1
4414,연남꽃동,1
4415,연두 ,1
4416,연봉,1
4417,연봉이,1
4418,연수,1
4419,연실,1
4420,연오 ,1
4421,연호,1
4422,연희,1
4423,열음,1
4424,열이,1
4425,염둥이,1
4426,염소,1
4427,영,1
4428,영국,1
4429,영배,1
4430,영섭,1
4431,영순이,1
4432,영웅이,1
4433,영이,1
4434,영재,1
4435,영준,1
4436,영진,1
4437,영천,1
4438,영춘,1
4439,영태,1
4440,예거,1
4441,예나,1
4442,예달,1
4443,예동이,1
4444,예뚱,1
4445,예랑이,1
4446,예로,1
4447,예롱,1
4448,예리,1
4449,예은이,1
4450,예임,1
4451,오,1
4452,오경,1
4453,오기쁨,1
4454,오늘이,1
4455,오다,1
4456,오댕,1
4457,오두부,1
4458,오든,1
4459,오들,1
4460,오또,1
4461,오래,1
4462,오랭,1
4463,오렌지,1
4464,오로라,1
4465,오마롱,1
4466,오메가,1
4467,오목,1
4468,오목이 ,1
4469,오몽,1
4470,오미자,1
4471,오밤이,1
4472,오봉,1
4473,오비,1
4474,오사랑,1
4475,오상,1
4476,오세영,1
4477,오솔,1
4478,오숑,1
4479,오쎄미,1
4480,오억,1
4481,오여,1
4482,오일,1
4483,오정,1
4484,오진돌,1
4485,오짱,1
4486,오찌,1
4487,오챠,1
4488,오춘배,1
4489,오콩,1
4490,오테임,1
4491,오푸돌,1
4492,옥규,1
4493,옥동자,1
4494,옥빈,1
4495,옥수수,1
4496,옥순이,1
4497,옥이,1
4498,옥자,1
4499,옥탑,1
4500,옥탑이,1
4501,온달이,1
4502,온순이,1
4503,올리바,1
4504,올리브(Olive),1
4505,올빼미,1
4506,옹,1
4507,옹백,1
4508,와플,1
4509,완소,1
4510,완식,1
4511,완염,1
4512,완쪼옹,1
4513,왓슨,1
4514,왕국,1
4515,왕루이,1
4516,왕식,1
4517,요니,1
4518,요란,1
4519,요로시콤,1
4520,요로케,1
4521,요리,1
4522,요순돌,1
4523,요연,1
4524,요이,1
4525,요정,1
4526,요치,1
4527,요키,1
4528,요테리,1
4529,욘세,1
4530,욤욤이,1
4531,용,1
4532,용감이,1
4533,용구,1
4534,용금,1
4535,용사,1
4536,용애,1
4537,용쥬,1
4538,우돌,1
4539,우드,1
4540,우디 ,1
4541,우디맥스,1
4542,우량,1
4543,우림이,1
4544,우비,1
4545,우빈이,1
4546,우스,1
4547,우식,1
4548,우엉,1
4549,우영이,1
4550,우월,1
4551,우주인,1
4552,우짱,1
4553,우쭈쭈,1
4554,우키,1
4555,우탄,1
4556,우팡,1
4557,우후,1
4558,운,1
4559,운이,1
4560,울,1
4561,울리,1
4562,울림,1
4563,울릿까,1
4564,울버린,1
4565,울이,1
4566,웅순이,1
4567,웅얼,1
4568,웅자,1
4569,웅지,1
4570,워드,1
4571,워커,1
4572,원,1
4573,원동,1
4574,원딩,1
4575,원빈,1
4576,원이,1
4577,원츄,1
4578,월드,1
4579,월터,1
4580,월호,1
4581,웜,1
4582,웨이,1
4583,웬티,1
4584,웰리,1
4585,웰스,1
4586,웰튼,1
4587,위캔,1
4588,위풍,1
4589,윈디,1
4590,윈스턴,1
4591,윈터,1
4592,윌로,1
4593,윌리엄,1
4594,유 ,1
4595,유 현,1
4596,유기견,1
4597,유나,1
4598,유둥,1
4599,유똘,1
4600,유라,1
4601,유라임,1
4602,유로,1
4603,유메,1
4604,유명이,1
4605,유몽,1
4606,유별,1
4607,유보리,1
4608,유빈,1
4609,유성,1
4610,유소금,1
4611,유야,1
4612,유여름,1
4613,유예슬,1
4614,유우키,1
4615,유월,1
4616,유이,1
4617,유지,1
4618,유짱아,1
4619,유차이,1
4620,유초코,1
4621,유카,1
4622,유키(YUKI),1
4623,유타,1
4624,유피,1
4625,유하루,1
4626,유호,1
4627,육,1
4628,육공,1
4629,윤,1
4630,윤구름,1
4631,윤도담,1
4632,윤라떼,1
4633,윤망치,1
4634,윤베리,1
4635,윤복덩,1
4636,윤봉춘,1
4637,윤부추,1
4638,윤사랑,1
4639,윤순자,1
4640,윤슈어,1
4641,윤애나,1
4642,윤재,1
4643,윤찰리,1
4644,윤초코,1
4645,윤탄,1
4646,윤토리,1
4647,율리아나,1
4648,율마,1
4649,율마리,1
4650,으뜸,1
4651,은구,1
4652,은담,1
4653,은돌이,1
4654,은동이,1
4655,은둥이,1
4656,은미,1
4657,은빛,1
4658,은삐,1
4659,은설,1
4660,은설이,1
4661,은솔,1
4662,은우,1
4663,은이,1
4664,은재,1
4665,은주,1
4666,은찬,1
4667,은총,1
4668,은총이,1
4669,은행이,1
4670,은혜,1
4671,은호,1
4672,응삼이,1
4673,응아,1
4674,응치,1
4675,이,1
4676,이강추,1
4677,이검둥,1
4678,이겨울,1
4679,이고,1
4680,이공,1
4681,이금동,1
4682,이금생,1
4683,이기,1
4684,이기남,1
4685,이꽃동 ,1
4686,이나영,1
4687,이남순,1
4688,이남이,1
4689,이노,1
4690,이노마,1
4691,이노을,1
4692,이니고,1
4693,이다,1
4694,이덕춘,1
4695,이도꼬,1
4696,이돈,1
4697,이두리,1
4698,이딸기,1
4699,이또또,1
4700,이뚝백,1
4701,이뚱,1
4702,이뚱이,1
4703,이라,1
4704,이라임,1
4705,이레몬,1
4706,이류,1
4707,이리,1
4708,이리스,1
4709,이만불,1
4710,이망고,1
4711,이몽이,1
4712,이뮬란,1
4713,이민승,1
4714,이밤,1
4715,이방울,1
4716,이백억,1
4717,이백이,1
4718,이범,1
4719,이보나,1
4720,이보리,1
4721,이복순,1
4722,이봄,1
4723,이블랑,1
4724,이뽀,1
4725,이뿌,1
4726,이쁘니,1
4727,이삐,1
4728,이사월,1
4729,이삼순,1
4730,이세연,1
4731,이소,1
4732,이솜,1
4733,이솝,1
4734,이송이,1
4735,이수동,1
4736,이순,1
4737,이순심,1
4738,이싸이,1
4739,이아롱,1
4740,이안나,1
4741,이언,1
4742,이연두,1
4743,이연우,1
4744,이연지,1
4745,이완,1
4746,이완얼,1
4747,이월,1
4748,이윤이,1
4749,이윤호,1
4750,이은실,1
4751,이은혜,1
4752,이장군,1
4753,이재순,1
4754,이정빈,1
4755,이정표,1
4756,이즈,1
4757,이지,1
4758,이지 ,1
4759,이지금,1
4760,이지엽,1
4761,이쫑,1
4762,이쫑이,1
4763,이찌,1
4764,이참치,1
4765,이철이,1
4766,이초코,1
4767,이칠이,1
4768,이카,1
4769,이코이,1
4770,이코코,1
4771,이콩,1
4772,이콩떡,1
4773,이콩식,1
4774,이콩이,1
4775,이키,1
4776,이탄,1
4777,이태양,1
4778,이테리,1
4779,이트,1
4780,이틀이,1
4781,이프,1
4782,이하꿍이,1
4783,이하루,1
4784,이하양,1
4785,이하옹,1
4786,이한,1
4787,이호,1
4788,이호두,1
4789,이호야,1
4790,이홍델,1
4791,이화,1
4792,이휜둥,1
4793,이히,1
4794,인규,1
4795,인동,1
4796,인삼,1
4797,인서,1
4798,인순이,1
4799,일,1
4800,일도,1
4801,일라,1
4802,일레븐,1
4803,일렉이,1
4804,일리,1
4805,일봉,1
4806,일순,1
4807,일월,1
4808,일일,1
4809,일일구,1
4810,일점,1
4811,일호,1
4812,임꺽정,1
4813,임당,1
4814,임방구,1
4815,임블리,1
4816,임서영,1
4817,임숙희,1
4818,임초코,1
4819,잉기,1
4820,자꾸,1
4821,자루,1
4822,자르몽,1
4823,자영,1
4824,자옥,1
4825,자주,1
4826,자풍,1
4827,작약,1
4828,작은막내,1
4829,작은별,1
4830,잔느,1
4831,잠바,1
4832,잠순이,1
4833,잠팡이,1
4834,장,1
4835,장그래,1
4836,장나리,1
4837,장돌,1
4838,장마자,1
4839,장뭉뭉,1
4840,장보고,1
4841,장봄이,1
4842,장뽀송,1
4843,장산,1
4844,장솜,1
4845,장솜이,1
4846,장순,1
4847,장스타,1
4848,장시현,1
4849,장욤,1
4850,장이,1
4851,장조아,1
4852,장채리,1
4853,장콩순,1
4854,장태수,1
4855,장희영,1
4856,재니,1
4857,재돌,1
4858,재동,1
4859,재두,1
4860,재둥,1
4861,재롬,1
4862,재리,1
4863,재미,1
4864,재봉,1
4865,재순이,1
4866,재스민,1
4867,재우,1
4868,재하,1
4869,재현,1
4870,잭순,1
4871,잭크,1
4872,잭팟,1
4873,잰,1
4874,잼잼,1
4875,쟁이,1
4876,쟁쟁,1
4877,쟝고,1
4878,저니,1
4879,적극,1
4880,전남일,1
4881,전다롱,1
4882,전단지,1
4883,전블리,1
4884,전설,1
4885,전설이,1
4886,전태양,1
4887,전토실,1
4888,전효리,1
4889,절미,1
4890,젊은이,1
4891,점남,1
4892,점례,1
4893,정가,1
4894,정곽,1
4895,정구,1
4896,정국,1
4897,정길,1
4898,정까미,1
4899,정남,1
4900,정다롱,1
4901,정다해,1
4902,정도용,1
4903,정동글,1
4904,정들이,1
4905,정마루,1
4906,정만세,1
4907,정밤토리,1
4908,정복만,1
4909,정복실,1
4910,정사랑,1
4911,정순,1
4912,정시루,1
4913,정아리,1
4914,정오즈,1
4915,정용,1
4916,정월,1
4917,정쥬스,1
4918,정치즈,1
4919,정태리,1
4920,정환이,1
4921,젖소,1
4922,제노스,1
4923,제라,1
4924,제리 ,1
4925,제법,1
4926,제스,1
4927,제시,1
4928,제시카,1
4929,제아,1
4930,제왕,1
4931,제우스,1
4932,제이 (J),1
4933,제이디,1
4934,제이제이,1
4935,제이콜,1
4936,제이크 ,1
4937,제인,1
4938,제일이,1
4939,제키,1
4940,젝키,1
4941,젠,1
4942,젤라,1
4943,젬마,1
4944,져미,1
4945,조,1
4946,조건이,1
4947,조나,1
4948,조니,1
4949,조다,1
4950,조디,1
4951,조땅콩,1
4952,조뚱,1
4953,조랭,1
4954,조랭이,1
4955,조리퐁,1
4956,조마루,1
4957,조몽실,1
4958,조부영,1
4959,조사랑,1
4960,조삼봉,1
4961,조아서,1
4962,조앤,1
4963,조엘,1
4964,조예삐,1
4965,조용이,1
4966,조융,1
4967,조이(Joey),1
4968,조자몽,1
4969,조지,1
4970,조쭈기,1
4971,조춘배,1
4972,조타,1
4973,조톰희,1
4974,조판서,1
4975,조푸들,1
4976,조해피,1
4977,존,1
4978,종이,1
4979,종훈,1
4980,좌식,1
4981,죠니,1
4982,죠리,1
4983,죠이,1
4984,죠죠,1
4985,주강,1
4986,주낭,1
4987,주니어,1
4988,주댕이,1
4989,주동,1
4990,주둥아리,1
4991,주둥이,1
4992,주디,1
4993,주똘,1
4994,주랑,1
4995,주르,1
4996,주리,1
4997,주말이,1
4998,주몽이,1
4999,주바,1
5000,주범,1
5001,주복,1
5002,주봉,1
5003,주순복,1
5004,주아,1
5005,주아리,1
5006,주왕,1
5007,주하울,1
5008,주호,1
5009,주희,1
5010,죽,1
5011,준돌,1
5012,준범,1
5013,준우,1
5014,준주,1
5015,준코,1
5016,준표,1
5017,준환,1
5018,준휘,1
5019,줄리Julie,1
5020,줍냉이,1
5021,중복,1
5022,중순이,1
5023,쥐디,1
5024,쥐콩,1
5025,쥬다,1
5026,쥬드,1
5027,쥬라기,1
5028,쥬비,1
5029,쥬스,1
5030,쥬피,1
5031,쥬피터,1
5032,쥴리엣,1
5033,지가을,1
5034,지나,1
5035,지동,1
5036,지둥,1
5037,지름이,1
5038,지리,1
5039,지바,1
5040,지방이,1
5041,지봉이,1
5042,지붕이,1
5043,지샹,1
5044,지스,1
5045,지용,1
5046,지우,1
5047,지젤,1
5048,지즈,1
5049,지춘돌,1
5050,지키,1
5051,지호,1
5052,지훈,1
5053,지희,1
5054,직구,1
5055,진꼬,1
5056,진다롱,1
5057,진달건,1
5058,진달이,1
5059,진대한,1
5060,진동,1
5061,진뭉크,1
5062,진상,1
5063,진서,1
5064,진섭,1
5065,진이 ,1
5066,진포,1
5067,진풍아,1
5068,진풍이,1
5069,진호,1
5070,질질,1
5071,질풍,1
5072,징구리,1
5073,징징이,1
5074,짜론,1
5075,짜르,1
5076,짜삐,1
5077,짜오,1
5078,짜짜,1
5079,짝,1
5080,짤막,1
5081,짤짤이,1
5082,짬띠,1
5083,짬뽕이,1
5084,짱구 ,1
5085,짱꼬,1
5086,짱뚜,1
5087,짱순이,1
5088,짱쎄니,1
5089,짱아찌,1
5090,짱짱맨,1
5091,쨈,1
5092,쨔랑,1
5093,쩔미,1
5094,쩜상,1
5095,쩡이,1
5096,쩨쩨,1
5097,쩰리,1
5098,쪼꼬미,1
5099,쪼로,1
5100,쪼매,1
5101,쪼맨,1
5102,쪼메,1
5103,쪼물이,1
5104,쪼아,1
5105,쪼용이,1
5106,쪼우,1
5107,쪼이,1
5108,쪼짜,1
5109,쪽쪽,1
5110,쪽쪽이,1
5111,쪽코,1
5112,쫀득이,1
5113,쫀쫀이,1
5114,쫄랑,1
5115,쫄래 ,1
5116,쫄랭,1
5117,쫄이,1
5118,쫄탱,1
5119,쫌,1
5120,쫑대,1
5121,쫑득,1
5122,쫑순,1
5123,쫑투,1
5124,쬬리,1
5125,쬬미,1
5126,쭈글,1
5127,쭈꾸,1
5128,쭈노,1
5129,쭈댕,1
5130,쭈디,1
5131,쭈몽,1
5132,쭈삐,1
5133,쭉뿡이,1
5134,쭌이,1
5135,쭐쭐이,1
5136,쮸넥,1
5137,쮸리,1
5138,쮸미,1
5139,쮸봉이,1
5140,쮸비,1
5141,찌,1
5142,찌구,1
5143,찌노,1
5144,찌미,1
5145,찌비,1
5146,찌뽕,1
5147,찌야,1
5148,찌우,1
5149,찌지,1
5150,찌찌,1
5151,찌콩이,1
5152,찐돌,1
5153,찐따,1
5154,찐빵이,1
5155,찐순,1
5156,찐순이,1
5157,찐코,1
5158,찡가,1
5159,찡마,1
5160,찡아,1
5161,찡콩,1
5162,차로,1
5163,차밍,1
5164,차숑,1
5165,차순이,1
5166,차즈,1
5167,차케,1
5168,차콩이,1
5169,차해피,1
5170,찬,1
5171,찬 ,1
5172,찬돌이,1
5173,찬사,1
5174,찬양이,1
5175,찬이,1
5176,찰,1
5177,참누리,1
5178,참솔,1
5179,참순이,1
5180,찹쌀이,1
5181,찹찹,1
5182,창,1
5183,창문,1
5184,창식,1
5185,창식이,1
5186,창이,1
5187,채리,1
5188,채바,1
5189,채소,1
5190,채토니,1
5191,챠미,1
5192,챠오,1
5193,챠코,1
5194,챱챱,1
5195,척척이,1
5196,천경,1
5197,천덕,1
5198,천복,1
5199,천복이,1
5200,천사,1
5201,천순,1
5202,천지,1
5203,천하,1
5204,첫눈,1
5205,첫돌이,1
5206,청아,1
5207,체니,1
5208,체리코크,1
5209,체셔,1
5210,체프,1
5211,첵스,1
5212,첼로,1
5213,쳉쳉,1
5214,초,1
5215,초딩이,1
5216,초랭이,1
5217,초록,1
5218,초복,1
5219,초승,1
5220,초아,1
5221,초코렛,1
5222,초코틴,1
5223,초희,1
5224,촉디,1
5225,촉새,1
5226,촐랭이,1
5227,촘스키,1
5228,총이,1
5229,총총,1
5230,최건,1
5231,최김복,1
5232,최까미,1
5233,최다롱,1
5234,최돌이,1
5235,최뚱이,1
5236,최레미,1
5237,최루나,1
5238,최리,1
5239,최링,1
5240,최뭉치,1
5241,최미정,1
5242,최봉식 ,1
5243,최심통,1
5244,최우유,1
5245,최운군,1
5246,최장군,1
5247,최크림,1
5248,최탄이,1
5249,최택,1
5250,최호두,1
5251,최흥해,1
5252,쵸니,1
5253,쵸비,1
5254,쵸코(choco),1
5255,쵸코칩,1
5256,추,1
5257,추삼이,1
5258,추석이,1
5259,추추,1
5260,축축,1
5261,춘돌,1
5262,춘복,1
5263,춘삼이,1
5264,춘식이,1
5265,춘식이 ,1
5266,춘장이,1
5267,춥스,1
5268,취업,1
5269,츄니,1
5270,츄로,1
5271,츄리,1
5272,츄크림,1
5273,츄파,1
5274,츠지,1
5275,치꼬,1
5276,치노,1
5277,치동,1
5278,치미,1
5279,치순이,1
5280,치우,1
5281,치차,1
5282,치카,1
5283,치코 ,1
5284,치콩,1
5285,치타,1
5286,치토,1
5287,치토스,1
5288,칙피,1
5289,친구,1
5290,친친,1
5291,칠,1
5292,칠갑이,1
5293,칠공,1
5294,칠공이,1
5295,칠복,1
5296,칠복이,1
5297,칠성,1
5298,칠수,1
5299,칠월,1
5300,칠칠,1
5301,칩,1
5302,칭캉이,1
5303,카겐,1
5304,카구,1
5305,카누,1
5306,카도,1
5307,카라,1
5308,카래,1
5309,카루,1
5310,카미,1
5311,카오,1
5312,카우보이,1
5313,카일,1
5314,카터,1
5315,카페,1
5316,카프,1
5317,카프카,1
5318,칸나,1
5319,칸타,1
5320,칸트,1
5321,칼,1
5322,칼리,1
5323,캉이,1
5324,캉테,1
5325,캐라,1
5326,캐리,1
5327,캐빈,1
5328,캐슈,1
5329,캔두,1
5330,캘피,1
5331,캬라멜,1
5332,커비,1
5333,컬투,1
5334,케모,1
5335,케미,1
5336,케이크,1
5337,케일리,1
5338,케파스,1
5339,켄드릭,1
5340,켈리,1
5341,코너,1
5342,코담,1
5343,코돌이,1
5344,코로,1
5345,코롬,1
5346,코롱이,1
5347,코메,1
5348,코벨,1
5349,코봉2,1
5350,코쇼,1
5351,코숏,1
5352,코숑,1
5353,코스,1
5354,코야,1
5355,코일,1
5356,코젤빈,1
5357,코코 ,1
5358,코코넛,1
5359,코코몽,1
5360,코키,1
5361,코피,1
5362,코하쿠,1
5363,콘짱,1
5364,콜링,1
5365,콜크,1
5366,콤,1
5367,콤콤이,1
5368,콩나물,1
5369,콩돌이,1
5370,콩떡,1
5371,콩마담,1
5372,콩복이,1
5373,콩비지,1
5374,콩세,1
5375,콩숙,1
5376,콩시,1
5377,콩식이,1
5378,콩쓰,1
5379,콩이 ,1
5380,콩자반,1
5381,쿠리,1
5382,쿠모,1
5383,쿠시,1
5384,쿠아,1
5385,쿠우,1
5386,쿠자,1
5387,쿠찌,1
5388,쿠키 ,1
5389,쿠키루,1
5390,쿡,1
5391,쿡히,1
5392,쿤다,1
5393,쿵치,1
5394,퀴니,1
5395,큐,1
5396,큐비,1
5397,큐이,1
5398,큐피,1
5399,크램,1
5400,크렘이,1
5401,크롱이,1
5402,크루,1
5403,크리,1
5404,크린,1
5405,큰막내,1
5406,큰별이,1
5407,큰치,1
5408,클라영,1
5409,클로에,1
5410,클로이,1
5411,키,1
5412,키루,1
5413,키오,1
5414,키티 ,1
5415,킨지,1
5416,킴,1
5417,킹 ,1
5418,킹초,1
5419,타래,1
5420,타비,1
5421,타산,1
5422,타샤,1
5423,타이,1
5424,타이니,1
5425,타이키,1
5426,타키,1
5427,타타,1
5428,타호,1
5429,탄실이,1
5430,탄지,1
5431,탈리,1
5432,탕가,1
5433,탕군,1
5434,탕아,1
5435,탕탕이,1
5436,태극,1
5437,태니,1
5438,태동,1
5439,태민,1
5440,태민 ,1
5441,태범,1
5442,태봉,1
5443,태비,1
5444,태비엄마,1
5445,태수,1
5446,태양꽃,1
5447,태영,1
5448,태왕이,1
5449,태초,1
5450,태풍이,1
5451,탠디,1
5452,턱시,1
5453,턱시도,1
5454,턴업,1
5455,털랭이,1
5456,털발바리,1
5457,털보,1
5458,털이,1
5459,테니,1
5460,테랑이,1
5461,테로,1
5462,테루,1
5463,테르,1
5464,테비,1
5465,테어,1
5466,테오,1
5467,테이,1
5468,테이테이,1
5469,텐,1
5470,텐션,1
5471,텐시,1
5472,텔레,1
5473,텟싱,1
5474,토고,1
5475,토담,1
5476,토돌이,1
5477,토란,1
5478,토루,1
5479,토벤,1
5480,토순,1
5481,토순이,1
5482,토스,1
5483,토식,1
5484,토아,1
5485,토야,1
5486,토이크림푸들,1
5487,토커,1
5488,토토헌초,1
5489,톡톡이,1
5490,톱,1
5491,통실이,1
5492,통통,1
5493,투루,1
5494,투리,1
5495,투맨,1
5496,투컴이,1
5497,투티,1
5498,퉁이,1
5499,퉁퉁이,1
5500,튤립,1
5501,트루,1
5502,특대,1
5503,튼실이,1
5504,튼튼이,1
5505,티니,1
5506,티마,1
5507,티몬,1
5508,티슈,1
5509,티아라,1
5510,티오,1
5511,티즈,1
5512,티지,1
5513,티피,1
5514,틴틴,1
5515,팀,1
5516,팅,1
5517,팅이,1
5518,팅커벨,1
5519,팅클,1
5520,팅팅,1
5521,파도,1
5522,파라,1
5523,파란,1
5524,파랑이,1
5525,파미,1
5526,파블로,1
5527,파비,1
5528,파스닢,1
5529,파엘,1
5530,파오차이,1
5531,파우,1
5532,파인,1
5533,파인만,1
5534,파주,1
5535,파찌,1
5536,파체,1
5537,파키,1
5538,판자,1
5539,팔,1
5540,팔구,1
5541,팔팔이,1
5542,팝,1
5543,팝콘,1
5544,팥,1
5545,팥쥐,1
5546,팥지,1
5547,패스,1
5548,패트,1
5549,팬더,1
5550,팬디,1
5551,팬지,1
5552,팽요,1
5553,퍼링,1
5554,퍼비,1
5555,퍼시,1
5556,퍼지,1
5557,퍼플,1
5558,페르시안,1
5559,페이,1
5560,페이지 ,1
5561,페코,1
5562,페펫,1
5563,펜넬,1
5564,펠리즈,1
5565,펩,1
5566,펩시,1
5567,평심,1
5568,평창,1
5569,포노,1
5570,포뇨,1
5571,포돌이,1
5572,포드,1
5573,포들,1
5574,포롱,1
5575,포롱이,1
5576,포루,1
5577,포르,1
5578,포세이돈,1
5579,포스,1
5580,포스터,1
5581,포야,1
5582,포은이,1
5583,포춘,1
5584,포크,1
5585,포텐,1
5586,포토,1
5587,폭스,1
5588,폭시,1
5589,폴라,1
5590,폴로,1
5591,폴코,1
5592,폼이,1
5593,폼폼,1
5594,퐁구,1
5595,퐁듀,1
5596,퐁에,1
5597,표범,1
5598,푸늬,1
5599,푸돌이,1
5600,푸동,1
5601,푸둥,1
5602,푸둥이,1
5603,푸루,1
5604,푸르르,1
5605,푸름이,1
5606,푸미,1
5607,푸야,1
5608,푸키,1
5609,푸푸짱,1
5610,푸하,1
5611,풀,1
5612,풀잎이,1
5613,품바,1
5614,품파,1
5615,풍댕이,1
5616,풍돌,1
5617,풍산이,1
5618,풍선생,1
5619,풍성이,1
5620,풍순이 ,1
5621,풍운,1
5622,풍월,1
5623,퓨비,1
5624,프라다,1
5625,프레소,1
5626,프레야,1
5627,프레이,1
5628,프로,1
5629,프리,1
5630,프린,1
5631,프린세스,1
5632,프블리,1
5633,프프,1
5634,플라워,1
5635,플레밍,1
5636,플로라,1
5637,플린,1
5638,플립,1
5639,피노,1
5640,피뇨,1
5641,피단,1
5642,피망,1
5643,피비,1
5644,피스,1
5645,피시,1
5646,피오,1
5647,피오나,1
5648,피자,1
5649,피죤,1
5650,피츄,1
5651,피카소,1
5652,피카츄,1
5653,피크,1
5654,피클,1
5655,핀,1
5656,핀이,1
5657,필리비,1
5658,필립,1
5659,핑구,1
5660,핑금,1
5661,핑이,1
5662,핑쿠,1
5663,핑핑,1
5664,하국희,1
5665,하꼬,1
5666,하꾸,1
5667,하네,1
5668,하노,1
5669,하늬,1
5670,하다,1
5671,하디,1
5672,하뜨,1
5673,하람,1
5674,하록,1
5675,하루고,1
5676,하림,1
5677,하링,1
5678,하마,1
5679,하만두,1
5680,하메,1
5681,하미,1
5682,하비비,1
5683,하야,1
5684,하야니,1
5685,하야쿤,1
5686,하얀발,1
5687,하예,1
5688,하오,1
5689,하요,1
5690,하우스,1
5691,하울이,1
5692,하은,1
5693,하주,1
5694,하지,1
5695,하츠,1
5696,하코,1
5697,하콩,1
5698,하태,1
5699,하투,1
5700,하퐁,1
5701,하프,1
5702,하희,1
5703,학희,1
5704,한가을,1
5705,한감자,1
5706,한공,1
5707,한국이,1
5708,한그루,1
5709,한근,1
5710,한글 ,1
5711,한나,1
5712,한단,1
5713,한돌,1
5714,한두부,1
5715,한뜰,1
5716,한라산,1
5717,한모,1
5718,한밀크,1
5719,한복슬,1
5720,한봉지,1
5721,한샘,1
5722,한제이,1
5723,한조,1
5724,한짱아,1
5725,한초,1
5726,한치,1
5727,한키,1
5728,한태풍,1
5729,한평,1
5730,한핑크,1
5731,할리,1
5732,함또치,1
5733,함초롱,1
5734,핫바,1
5735,핫티,1
5736,항돌이,1
5737,항동,1
5738,해 ,1
5739,해남,1
5740,해달,1
5741,해동,1
5742,해든,1
5743,해랑,1
5744,해롱이,1
5745,해리엇,1
5746,해먹,1
5747,해방,1
5748,해봉,1
5749,해비,1
5750,해순이,1
5751,해이,1
5752,해조,1
5753,해트,1
5754,해피모찌,1
5755,핸썸,1
5756,행돌,1
5757,행복하개,1
5758,행순이,1
5759,행크,1
5760,향,1
5761,향단이,1
5762,향이,1
5763,허광복,1
5764,허니아,1
5765,허뚱남,1
5766,허범,1
5767,허별,1
5768,허서방,1
5769,허솜,1
5770,허순이,1
5771,허쉬,1
5772,허스키,1
5773,허심,1
5774,허크,1
5775,헌터,1
5776,헤니,1
5777,헤라,1
5778,헤르츠,1
5779,헤리,1
5780,헤이즐,1
5781,헨리(Henry),1
5782,헬리,1
5783,현경,1
5784,현근,1
5785,현동,1
5786,현득이,1
5787,현빈,1
5788,현상범,1
5789,현우,1
5790,현정,1
5791,현철이,1
5792,형아,1
5793,형이,1
5794,혜미,1
5795,혜성,1
5796,혜시,1
5797,혜자,1
5798,혜진,1
5799,혜치,1
5800,혜피,1
5801,호감,1
5802,호돌이,1
5803,호랭이,1
5804,호루,1
5805,호밀,1
5806,호박이,1
5807,호발,1
5808,호비,1
5809,호빵이,1
5810,호산이,1
5811,호순이,1
5812,호심,1
5813,호아,1
5814,호크,1
5815,호피,1
5816,호필,1
5817,호호,1
5818,홈즈,1
5819,홍곰희,1
5820,홍기순,1
5821,홍길동,1
5822,홍단,1
5823,홍돌이,1
5824,홍똘이,1
5825,홍별,1
5826,홍삼,1
5827,홍삼이,1
5828,홍새롬,1
5829,홍설,1
5830,홍시월,1
5831,홍은,1
5832,홍익,1
5833,홍익이,1
5834,홍자,1
5835,홍진돌,1
5836,홍차,1
5837,홍천,1
5838,홍코코,1
5839,홍콩,1
5840,홒카,1
5841,화걸,1
5842,화구,1
5843,화실,1
5844,화야,1
5845,화이,1
5846,화이트,1
5847,환급형,1
5848,환생,1
5849,환용이,1
5850,환이,1
5851,환타,1
5852,환환,1
5853,황광숙,1
5854,황구,1
5855,황꽃님,1
5856,황꿀몽,1
5857,황도,1
5858,황도니,1
5859,황두식,1
5860,황몽순,1
5861,황몽이,1
5862,황봄,1
5863,황삼식,1
5864,황진이,1
5865,황태자,1
5866,황토,1
5867,효찬,1
5868,후,1
5869,후나,1
5870,후두,1
5871,후츄,1
5872,후코,1
5873,후후,1
5874,훈,1
5875,휘송,1
5876,휘핑,1
5877,휘핑이,1
5878,휴,1
5879,휴(Hugh),1
5880,흑곰,1
5881,흑나비,1
5882,흑당,1
5883,흑당이,1
5884,흑동,1
5885,흑땅,1
5886,흑선,1
5887,흑설,1
5888,흑진주,1
5889,흑팔,1
5890,흑표,1
5891,희네,1
5892,희미,1
5893,희아,1
5894,희야,1
5895,희주,1
5896,희철,1
5897,희탄,1
5898,흰덕이,1
5899,흰돌이,1
5900,흰둥이 ,1
5901,흰솔,1
5902,흰콩,1
5903,히고,1
5904,히노,1
5905,히딩크,1
5906,히바,1
5907,히야,1
5908,히어로,1
5909,히찌,1
5910,히킨,1
5911,히포,1
5912,히피,1
5913,힌둥이,1
5914,힘찬,1
